,agent1,Glc,P,Amylase,Starch
0,0.1032003201320132,99.83233333333334,0.01634653465346535,0.0,10.0
1,0.10650210764766989,99.65938260829107,0.033211329407126,0.0,10.0
2,0.10990851495430207,99.48098355653332,0.05061049585422816,7.478223280067961e-19,10.0
3,0.11342278790328804,99.2969670332262,0.06856062389301193,1.77680283053852e-18,10.0
4,0.11704826823439694,99.1071588889318,0.08707879429327975,2.3077297556704017e-18,10.0
5,0.12078839605870788,98.91137983942804,0.1061825914661255,2.8556226484478635e-18,10.0
6,0.12464671237840483,98.709445333542,0.12589011642860917,3.421018016886192e-18,10.0
7,0.12862686164146903,98.50116541909526,0.14621999995376736,3.1292412403285847e-18,10.0
8,0.13273259432898246,98.28634460707444,0.167191415894818,4.032384929533889e-18,10.0
9,0.13696776957241952,98.06478173415822,0.18882409467073677,4.653680651739535e-18,10.0
10,0.14133635779793313,97.83626982375019,0.21113833689853842,4.653634114933017e-18,10.0
11,0.14584244339423721,97.60059594568801,0.23415502715557526,4.653587578591868e-18,10.0
12,0.1504902274002424,97.35754107482167,0.2578956478529485,5.677598105531064e-18,10.0
13,0.15528403020811596,97.10687994867845,0.28238229319870156,6.734233583650987e-18,10.0
14,0.16022829427690366,96.84838092445953,0.30763768322680457,6.7341662413151505e-18,10.0
15,0.1653275868512683,96.58180583564243,0.33368517786502844,6.3590756608791975e-18,10.0
16,0.17058660267926085,96.30690984849653,0.3605487910116183,6.359012070122589e-18,10.0
17,0.17601016672234143,96.02344131885415,0.38825320458718604,7.95601822394094e-18,10.0
18,0.18160323685010243,95.73114164951872,0.41682378252442165,8.367900253184408e-18,10.0
19,0.18737090651130842,95.42974514873421,0.4462865846540406,8.367816574181877e-18,10.0
20,0.1933184073719518,95.11897889018688,0.47666838044080767,8.367732896016135e-18,10.0
21,0.1994511119100201,94.79856257506121,0.507996662518466,1.0177539177869557e-17,10.0
22,0.2057745359555726,94.46820839672804,0.5402996599669154,1.157791668055485e-17,10.0
23,0.21229434116352308,94.12762090870415,0.5736063512689784,1.350430790889115e-17,10.0
24,0.21901633740520882,93.77649689658946,0.6079464768775154,1.549171974086896e-17,10.0
25,0.22594648506338566,93.41452525476191,0.6433505513164495,1.702942459872614e-17,10.0
26,0.2330908972137106,93.04138686868983,0.6798498747313723,1.9144615589460953e-17,10.0
27,0.24045584167404394,92.65675450381053,0.7174765437967556,2.132667300506097e-17,10.0
28,0.24804774290100853,92.26029270202004,0.7562634618773256,2.3014860571658945e-17,10.0
29,0.25587318371116596,91.85165768692485,0.7962443483307649,2.4175769513162254e-17,10.0
30,0.2639389068018918,91.430497279123,0.837453746827524,2.5972184029635994e-17,10.0
31,0.27225181604453363,90.99645082290877,0.8799270325510289,2.844297910155471e-17,10.0
32,0.2808189775196925,90.54914912593568,0.9237004181278567,3.0354356247063565e-17,10.0
33,0.28964762026145935,90.08821441352558,0.968810958122407,2.969678026024268e-17,10.0
34,0.29874513667413044,89.61326029948025,1.015296551914058,3.2408228783926816e-17,10.0
35,0.30811908258129383,89.12389177543777,1.0631959447566337,3.5204823166732466e-17,10.0
36,0.31777717686318485,88.61970522101875,1.112548726800041,3.5925640976789835e-17,10.0
37,0.32772730063381583,88.1002884372322,1.163395329831967,3.6669056885767455e-17,10.0
38,0.33797749590455284,87.5652207058571,1.2157770214733674,3.858635015458443e-17,10.0
39,0.3485359636754892,87.0140728777871,1.269735896534858,4.05636021314953e-17,10.0
40,0.3594110613901048,86.4464074936248,1.3253148652118192,4.341838385678125e-17,10.0
41,0.3706112996822374,85.86177894014166,1.3825576377637128,4.636222523398781e-17,10.0
42,0.3821453383372681,85.25973364658276,1.4415087052874827,4.939778890616872e-17,10.0
43,0.3940219813815588,84.63981032519689,1.5022133161556028,5.208059221566975e-17,10.0
44,0.4062501712054984,84.00154026081502,1.5647174476459282,5.392453215586664e-17,10.0
45,0.41883898161592353,83.3444476547892,1.6290677722425584,5.487484404233394e-17,10.0
46,0.4317976097030779,82.66805002914485,1.6953116180339198,5.781524312309705e-17,10.0
47,0.44513536639554624,81.97185869739685,1.7634969225756536,6.135192713685878e-17,10.0
48,0.4588616655636231,81.2553793091422,1.8336721795210227,6.13513136175874e-17,10.0
49,0.47298601151720426,80.51811247627397,1.9058863772497177,6.135070010445122e-17,10.0
50,0.48751798472836727,79.7595544894738,1.9801889286463583,6.522476187605766e-17,10.0
51,0.5024672255911589,78.97919813453923,2.056629591091776,6.807676705730126e-17,10.0
52,0.5178434160115303,78.17653361910065,2.135258375632326,6.807608628963069e-17,10.0
53,0.5336562585986457,77.35104962138948,2.216125444183941,7.049948819065495e-17,10.0
54,0.5499154532046792,76.50223447394806,2.2992809935071588,7.049878319577305e-17,10.0
55,0.5666306705334492,75.62957749653634,2.3847751245555924,7.04980782079411e-17,10.0
56,0.5838115225085125,74.73257049400539,2.4726576956517694,7.182360384211294e-17,10.0
57,0.6014675290583172,73.81070943659103,2.562978157779253,7.865510238128654e-17,10.0
58,0.6196080809393373,72.86349634195007,2.6557853700967047,7.865431583026272e-17,10.0
59,0.6382423981773759,71.89044138033786,2.7511273935759983,8.300421086302924e-17,10.0
60,0.6573794836619964,70.89106522663079,2.8490512604405307,8.225645989672534e-17,10.0
61,0.677028071378851,69.86490168545502,2.949602716829108,8.610222048678672e-17,10.0
62,0.6971965687090342,68.81150061851893,3.0528259358327743,8.847829227674466e-17,10.0
63,0.717892992162953,67.73043120638721,3.1587631977440105,9.418880327155642e-17,10.0
64,0.7391248958480614,66.62128558040799,3.2674545340172467,9.586812987935194e-17,10.0
65,0.7608992918945974,65.48368286433731,3.3789373310638444,1.0192204151559031e-16,10.0
66,0.7832225619806918,64.31727366942377,3.493245889591123,1.0281148586190844e-16,10.0
67,0.8061003590074401,63.12174509134346,3.6104109347413527,1.1014316170423969e-16,10.0
68,0.8295374978754109,61.89682626242837,3.7304590717912682,1.1485886713834767e-16,10.0
69,0.8535378342064771,60.642294518116714,3.8534121816348503,1.2068245457163701e-16,10.0
70,0.8781041297389557,59.35798224246477,3.979286749692629,1.2367787694211987e-16,10.0
71,0.9032379030004285,58.043784463865514,4.108093121272539,1.277871433201277e-16,10.0
72,0.9289392637325529,56.699667278757566,4.239834675756542,1.3201402259528243e-16,10.0
73,0.9552067294078137,55.325677187969305,4.374506911314544,1.3962252158896005e-16,10.0
74,0.9820370220429994,53.92195143725182,4.512096431169745,1.4632826887377343e-16,10.0
75,1.0094248433834851,52.48872946024464,4.652579821783644,1.4632680559108469e-16,10.0
76,1.037362626413963,51.02636552819583,4.795922412732957,1.4750664983108328e-16,10.0
77,1.0658402610562732,49.53534271565687,4.942076907570342,1.547891896203145e-16,10.0
78,1.0948447918593378,48.01628829429031,5.09098187467464,1.560349709486426e-16,10.0
79,1.124360085492006,46.46999066674478,5.242560087114095,1.5603341059893312e-16,10.0
80,1.1543664659474142,44.89741794772223,5.396716701019186,1.5603185026482714e-16,10.0
81,1.1848403155989253,43.29973828777879,5.5533372630969575,1.6008307836997527e-16,10.0
82,1.2157536406690974,41.67834201421291,5.712285539995295,1.6701443926406438e-16,10.0
83,1.2470736003596772,40.03486562879651,5.873401165616824,1.6701276911967173e-16,10.0
84,1.2787619999417124,38.37121764906129,6.0364971076812575,1.6555167641400679e-16,10.0
85,1.310774749650166,36.68960620180085,6.2013569624857325,1.700395413249821e-16,10.0
86,1.3430612934332322,34.99256816596293,6.367732097740643,1.6850387030928982e-16,10.0
87,1.375564014682072,33.28299950659002,6.535338678602614,1.7321744980992204e-16,10.0
88,1.408217630267861,31.564186228951105,6.703854632857621,1.780450938163395e-16,10.0
89,1.440948589841331,29.839835097211918,6.872916639124006,1.8298733095278551e-16,10.0
90,1.4736745047407178,28.114102887911987,7.042117258613984,1.8635812143661821e-16,10.0
91,1.5063036403457053,26.391622467969317,7.211002378097774,1.880808664464145e-16,10.0
92,1.5387345175874088,24.67752338568296,7.379069190652351,1.9336736687211465e-16,10.0
93,1.5708556836880303,22.977443935556973,7.545765012105079,2.023691676044461e-16,10.0
94,1.6025457288182476,21.297530815736987,7.710487313624317,2.1155883176042983e-16,10.0
95,1.6336736433612873,19.644421583971376,7.872585440396895,2.1155671617211222e-16,10.0
96,1.6640996279941926,18.02520422843586,8.031364573537527,2.1729015670879494e-16,10.0
97,1.6936764825111512,16.447347471575338,8.186092560822292,2.2118290158656657e-16,10.0
98,1.7222517039762868,14.918595183362063,8.336010265547545,2.271269058372921e-16,10.0
99,1.7496704130041005,13.446818869196324,8.480346025111796,2.3518668646641135e-16,10.0
100,1.7757791895257768,12.039824082454224,8.618334626184307,2.4030333580367435e-16,10.0
101,1.800430826808803,10.705110273453599,8.749240844406534,2.413400102722145e-16,10.0
102,1.823489898163541,9.449589360028629,8.872387030664015,2.3923059260390593e-16,10.0
103,1.8448388761228407,8.27927611988365,8.98718345993302,2.4242918498002193e-16,10.0
104,1.8643843645215927,7.198972575546898,9.093159269577226,2.445857347116466e-16,10.0
105,1.8820628341567436,6.211977136915877,9.189990971527179,2.445832888542995e-16,10.0
106,1.8978451441698314,5.319854778044491,9.277524982463323,2.456821112194313e-16,10.0
107,1.911739141003477,4.522304070391324,9.35579066059553,2.5012166656520392e-16,10.0
108,1.9237897945704516,3.8171484569020295,9.425001164637944,2.5291574774829787e-16,10.0
109,1.9340766537560612,3.2004628929694086,9.485541044162748,2.534760607239274e-16,10.0
110,1.9427088196510864,2.6668259692437633,9.537941529995821,2.5573693297892e-16,10.0
111,1.9498180383205461,2.2096672492398888,9.582846491179176,2.5743950739552276e-16,10.0
112,1.9555507918611026,1.8216655387439178,9.620973398924518,2.574369330004488e-16,10.0
113,1.9600603442344606,1.495149834491004,9.653074027162154,2.574343586311188e-16,10.0
114,1.9634995743400876,1.2224609149729433,9.679899010152948,2.574317842875325e-16,10.0
115,1.966015165084592,0.9962448117642793,9.702169076448772,2.575728249701298e-16,10.0
116,1.9677434063921042,0.8096650673742056,9.720554242806287,2.5721075175014526e-16,10.0
117,1.9688075952130921,0.6565345545238149,9.735660892258325,2.5785584396219646e-16,10.0
118,1.969316825017502,0.531377256459336,9.74802571713326,2.5803326945580014e-16,10.0
119,1.9693658612424398,0.42943526707989993,9.758115031497457,2.5803969165359973e-16,10.0
120,1.9693461675838275,0.4294309727272302,9.758017450347142,2.580371112566832e-16,10.0
121,1.9693264741221517,0.429426678417504,9.757919870172637,2.580345308855706e-16,10.0
122,1.9693067808574105,0.42942238415072087,9.757822290973936,2.5803195054026176e-16,10.0
123,1.969287087789602,0.4294180899268804,9.757724712751026,2.5802937022075635e-16,10.0
124,1.969267394918724,0.4294137957459822,9.757627135503899,2.5802678992705414e-16,10.0
125,1.969247702244775,0.4294095016080258,9.757529559232545,2.580242096591549e-16,10.0
126,1.9692280097677526,0.4294052075130108,9.757431983936952,2.5802162941705827e-16,10.0
127,1.969208317487655,0.42940091346093673,9.757334409617112,2.580190492007641e-16,10.0
128,1.96918862540448,0.4293966194518032,9.757236836273016,2.5801646901027213e-16,10.0
129,1.9691689335182259,0.42939232548560974,9.757139263904653,2.58013888845582e-16,10.0
130,1.9691492418288907,0.42938803156235594,9.757041692512015,2.5801130870669354e-16,10.0
131,1.9691295503364725,0.42938373768204136,9.75694412209509,2.5800872859360646e-16,10.0
132,1.9691098590409692,0.4293794438446656,9.756846552653869,2.580061485063205e-16,10.0
133,1.969090167942379,0.4293751500502282,9.756748984188341,2.580035684448354e-16,10.0
134,1.9690704770406995,0.42937085629872873,9.7566514166985,2.5800098840915097e-16,10.0
135,1.969050786335929,0.4293665625901668,9.756553850184332,2.5799840839926686e-16,10.0
136,1.9690310958280657,0.429362268924542,9.75645628464583,2.579958284151829e-16,10.0
137,1.9690114055171073,0.4293579753018538,9.756358720082984,2.579932484568987e-16,10.0
138,1.968991715403052,0.42935368172210187,9.756261156495784,2.5799066852441414e-16,10.0
139,1.968972025485898,0.42934938818528573,9.756163593884219,2.579880886177289e-16,10.0
140,1.968952335765643,0.4293450946914049,9.756066032248281,2.5798550873684273e-16,10.0
141,1.9689326462422854,0.4293408012404591,9.755968471587959,2.5798292888175537e-16,10.0
142,1.968912956915823,0.42933650783244776,9.755870911903243,2.5798034905246657e-16,10.0
143,1.9688932677862538,0.4293322144673705,9.755773353194124,2.5797776924897603e-16,10.0
144,1.968873578853576,0.4293279211452269,9.755675795460592,2.5797518947128356e-16,10.0
145,1.9688538901177874,0.4293236278660165,9.755578238702638,2.5797260971938887e-16,10.0
146,1.9688342015788862,0.4293193346297389,9.75548068292025,2.5797002999329165e-16,10.0
147,1.9688145132368704,0.4293150414363937,9.75538312811342,2.579674502929917e-16,10.0
148,1.968794825091738,0.4293107482859804,9.755285574282139,2.5796487061848876e-16,10.0
149,1.968775137143487,0.42930645517849864,9.755188021426395,2.579622909697826e-16,10.0
150,1.9687554493921156,0.4293021621139479,9.75509046954618,2.579597113468729e-16,10.0
151,1.9687357618376216,0.4292978690923278,9.754992918641484,2.5795713174975944e-16,10.0
152,1.9687160744800032,0.42929357611363794,9.754895368712297,2.5795455217844195e-16,10.0
153,1.9686963873192584,0.42928928317787785,9.754797819758611,2.5795197263292017e-16,10.0
154,1.9686767003553853,0.42928499028504713,9.754700271780413,2.5794939311319385e-16,10.0
155,1.9686570135883819,0.42928069743514535,9.754602724777696,2.5794681361926274e-16,10.0
156,1.968637327018246,0.42927640462817207,9.754505178750447,2.5794423415112653e-16,10.0
157,1.9686176406449758,0.42927211186412684,9.75440763369866,2.57941654708785e-16,10.0
158,1.9685979544685694,0.42926781914300927,9.754310089622324,2.5793907529223794e-16,10.0
159,1.9685782684890247,0.4292635264648189,9.754212546521428,2.57936495901485e-16,10.0
160,1.9685585827063399,0.42925923382955533,9.754115004395963,2.57933916536526e-16,10.0
161,1.9685388971205129,0.4292549412372181,9.75401746324592,2.579313371973606e-16,10.0
162,1.9685192117315418,0.42925064868780677,9.753919923071287,2.579287578839886e-16,10.0
163,1.9684995265394245,0.42924635618132095,9.753822383872055,2.5792617859640975e-16,10.0
164,1.9684798415441591,0.4292420637177602,9.753724845648216,2.579235993346238e-16,10.0
165,1.9684601567457436,0.4292377712971241,9.75362730839976,2.579210200986304e-16,10.0
166,1.9684404721441762,0.42923347891941216,9.753529772126676,2.5791844088842944e-16,10.0
167,1.9684207877394548,0.429229186584624,9.753432236828955,2.5791586170402058e-16,10.0
168,1.9684011035315774,0.42922489429275923,9.753334702506587,2.579132825454035e-16,10.0
169,1.968381419520542,0.42922060204381735,9.753237169159561,2.5791070341257807e-16,10.0
170,1.9683617357063468,0.42921630983779796,9.75313963678787,2.5790812430554393e-16,10.0
171,1.9683420520889896,0.42921201767470063,9.753042105391502,2.5790554522430086e-16,10.0
172,1.9683223686684688,0.42920772555452497,9.75294457497045,2.579029661688486e-16,10.0
173,1.968302685444782,0.42920343347727047,9.7528470455247,2.5790038713918694e-16,10.0
174,1.9682830024179276,0.42919914144293675,9.752749517054244,2.5789780813531555e-16,10.0
175,1.9682633195879036,0.42919484945152336,9.752651989559073,2.578952291572342e-16,10.0
176,1.9682436369547076,0.4291905575030299,9.752554463039177,2.578926502049426e-16,10.0
177,1.968223954518338,0.42918626559745593,9.752456937494546,2.578900712784406e-16,10.0
178,1.9682042722787927,0.429181973734801,9.752359412925172,2.578874923777278e-16,10.0
179,1.96818459023607,0.4291776819150647,9.752261889331042,2.57884913502804e-16,10.0
180,1.9681649083901676,0.4291733901382466,9.752164366712147,2.5788233465366895e-16,10.0
181,1.9681452267410837,0.4291690984043463,9.75206684506848,2.578797558303224e-16,10.0
182,1.9681255452888162,0.4291648067133633,9.75196932440003,2.578771770327641e-16,10.0
183,1.9681058640333633,0.42916051506529723,9.751871804706786,2.578745982609938e-16,10.0
184,1.968086182974723,0.42915622346014765,9.75177428598874,2.578720195150112e-16,10.0
185,1.9680665021128931,0.4291519318979141,9.75167676824588,2.5786944079481606e-16,10.0
186,1.968046821447872,0.4291476403785962,9.751579251478196,2.578668621004081e-16,10.0
187,1.9680271409796575,0.42914334890219347,9.751481735685681,2.578642834317871e-16,10.0
188,1.9680074607082476,0.4291390574687055,9.751384220868324,2.578617047889528e-16,10.0
189,1.9679877806336405,0.4291347660781319,9.751286707026116,2.578591261719049e-16,10.0
190,1.9679681007558343,0.42913047473047217,9.751189194159046,2.5785654758064317e-16,10.0
191,1.9679484210748268,0.42912618342572595,9.751091682267104,2.5785396901516737e-16,10.0
192,1.9679287415906161,0.42912189216389274,9.750994171350282,2.578513904754772e-16,10.0
193,1.9679090623032003,0.42911760094497214,9.750896661408568,2.5784881196157246e-16,10.0
194,1.9678893832125772,0.4291133097689638,9.750799152441953,2.5784623347345286e-16,10.0
195,1.9678697043187452,0.42910901863586715,9.750701644450428,2.578436550111181e-16,10.0
196,1.967850025621702,0.42910472754568185,9.750604137433983,2.57841076574568e-16,10.0
197,1.9678303471214458,0.42910043649840746,9.750506631392609,2.578384981638023e-16,10.0
198,1.9678106688179746,0.4290961454940435,9.750409126326295,2.5783591977882067e-16,10.0
199,1.9677909907112865,0.42909185453258963,9.750311622235031,2.5783334141962287e-16,10.0
200,1.9677713128013794,0.4290875636140454,9.750214119118809,2.5783076308620865e-16,10.0
201,1.9677516350882513,0.4290832727384103,9.750116616977618,2.578281847785778e-16,10.0
202,1.9677319575719006,0.42907898190568394,9.750019115811448,2.5782560649673005e-16,10.0
203,1.9677122802523248,0.42907469111586594,9.74992161562029,2.5782302824066507e-16,10.0
204,1.9676926031295223,0.42907040036895583,9.749824116404133,2.578204500103827e-16,10.0
205,1.967672926203491,0.4290661096649532,9.749726618162969,2.578178718058826e-16,10.0
206,1.9676532494742291,0.4290618190038576,9.749629120896786,2.578152936271645e-16,10.0
207,1.9676335729417345,0.42905752838566863,9.749531624605577,2.5781271547422827e-16,10.0
208,1.967613896606005,0.42905323781038585,9.74943412928933,2.578101373470735e-16,10.0
209,1.967594220467039,0.4290489472780088,9.749336634948037,2.5780755924570007e-16,10.0
210,1.9675745445248343,0.4290446567885371,9.749239141581688,2.5780498117010763e-16,10.0
211,1.9675548687793891,0.4290403663419703,9.749141649190273,2.578024031202959e-16,10.0
212,1.9675351932307013,0.42903607593830795,9.749044157773781,2.577998250962647e-16,10.0
213,1.9675155178787689,0.4290317855775496,9.748946667332204,2.577972470980137e-16,10.0
214,1.96749584272359,0.4290274952596949,9.74884917786553,2.5779466912554275e-16,10.0
215,1.9674761677651629,0.4290232049847434,9.748751689373751,2.577920911788515e-16,10.0
216,1.9674564930034852,0.4290189147526946,9.748654201856858,2.577895132579397e-16,10.0
217,1.9674368184385551,0.4290146245635481,9.74855671531484,2.5778693536280714e-16,10.0
218,1.9674171440703707,0.4290103344173035,9.748459229747686,2.577843574934535e-16,10.0
219,1.96739746989893,0.4290060443139604,9.748361745155389,2.577817796498786e-16,10.0
220,1.9673777959242311,0.42900175425351833,9.748264261537937,2.577792018320821e-16,10.0
221,1.967358122146272,0.42899746423597684,9.748166778895321,2.5777662404006375e-16,10.0
222,1.9673384485650505,0.42899317426133554,9.748069297227532,2.5777404627382336e-16,10.0
223,1.9673187751805647,0.428988884329594,9.74797181653456,2.5777146853336063e-16,10.0
224,1.967299101992813,0.42898459444075177,9.747874336816395,2.577688908186753e-16,10.0
225,1.967279429001793,0.4289803045948084,9.747776858073026,2.577663131297671e-16,10.0
226,1.967259756207503,0.4289760147917635,9.747679380304445,2.577637354666358e-16,10.0
227,1.9672400836099408,0.4289717250316166,9.747581903510643,2.5776115782928115e-16,10.0
228,1.9672204112091047,0.4289674353143674,9.747484427691607,2.5775858021770286e-16,10.0
229,1.9672007390049926,0.4289631456400153,9.74738695284733,2.577560026319007e-16,10.0
230,1.9671810669976026,0.42895885600856,9.747289478977802,2.5775342507187437e-16,10.0
231,1.9671613951869327,0.42895456642000096,9.747192006083012,2.5775084753762363e-16,10.0
232,1.967141723572981,0.42895027687433784,9.747094534162951,2.577482700291483e-16,10.0
233,1.967122052155745,0.42894598737157014,9.74699706321761,2.5774569254644797e-16,10.0
234,1.9671023809352235,0.4289416979116975,9.746899593246978,2.577431150895225e-16,10.0
235,1.967082709911414,0.42893740849471945,9.746802124251046,2.577405376583716e-16,10.0
236,1.967063039084315,0.4289331191206356,9.746704656229802,2.57737960252995e-16,10.0
237,1.9670433684539241,0.42892882978944546,9.74660718918324,2.5773538287339244e-16,10.0
238,1.9670236980202396,0.42892454050114864,9.746509723111348,2.577328055195637e-16,10.0
239,1.9670040277832594,0.4289202512557447,9.746412258014118,2.5773022819150853e-16,10.0
240,1.9669843577429815,0.4289159620532332,9.746314793891537,2.577276508892266e-16,10.0
241,1.966964687899404,0.4289116728936137,9.746217330743598,2.5772507361271774e-16,10.0
242,1.966945018252525,0.4289073837768858,9.74611986857029,2.5772249636198163e-16,10.0
243,1.9669253488023424,0.4289030947030491,9.746022407371603,2.57719919137018e-16,10.0
244,1.9669056795488544,0.42889880567210314,9.745924947147529,2.577173419378266e-16,10.0
245,1.966886010492059,0.4288945166840475,9.745827487898058,2.5771476476440726e-16,10.0
246,1.966866341631954,0.4288902277388817,9.745730029623179,2.577121876167596e-16,10.0
247,1.9668466729685377,0.42888593883660536,9.745632572322883,2.5770961049488343e-16,10.0
248,1.966827004501808,0.42888164997721806,9.745535115997159,2.5770703339877846e-16,10.0
249,1.9668073362317628,0.42887736116071934,9.745437660646,2.577044563284445e-16,10.0
250,1.9667876681584004,0.4288730723871088,9.745340206269393,2.577018792838812e-16,10.0
251,1.966768000281719,0.428868783656386,9.74524275286733,2.5769930226508837e-16,10.0
252,1.966748332601716,0.42886449496855045,9.745145300439802,2.5769672527206573e-16,10.0
253,1.9667286651183902,0.42886020632360183,9.745047848986797,2.57694148304813e-16,10.0
254,1.966708997831739,0.42885591772153964,9.744950398508307,2.5769157136332994e-16,10.0
255,1.9666893307417606,0.42885162916236347,9.744852949004322,2.576889944476163e-16,10.0
256,1.966669663848453,0.4288473406460729,9.744755500474833,2.5768641755767185e-16,10.0
257,1.9666499971518145,0.4288430521726675,9.744658052919828,2.576838406934963e-16,10.0
258,1.9666303306518431,0.4288387637421468,9.744560606339299,2.5768126385508934e-16,10.0
259,1.9666106643485366,0.4288344753545104,9.744463160733236,2.576786870424508e-16,10.0
260,1.9665909982418932,0.42883018700975795,9.744365716101628,2.5767611025558037e-16,10.0
261,1.9665713323319107,0.4288258987078889,9.744268272444467,2.576735334944778e-16,10.0
262,1.9665516666185874,0.4288216104489029,9.744170829761742,2.5767095675914284e-16,10.0
263,1.9665320011019212,0.42881732223279945,9.744073388053446,2.576683800495752e-16,10.0
264,1.96651233578191,0.42881303405957816,9.743975947319566,2.576658033657747e-16,10.0
265,1.9664926706585524,0.4288087459292386,9.743878507560092,2.5766322670774107e-16,10.0
266,1.9664730057318458,0.4288044578417804,9.743781068775016,2.57660650075474e-16,10.0
267,1.9664533410017886,0.42880016979720303,9.743683630964329,2.576580734689732e-16,10.0
268,1.9664336764683785,0.4287958817955061,9.743586194128019,2.576554968882385e-16,10.0
269,1.9664140121316138,0.4287915938366892,9.743488758266079,2.5765292033326965e-16,10.0
270,1.9663943479914925,0.42878730592075187,9.743391323378496,2.576503438040663e-16,10.0
271,1.9663746840480125,0.4287830180476937,9.743293889465262,2.5764776730062824e-16,10.0
272,1.9663550203011722,0.4287787302175143,9.743196456526368,2.576451908229552e-16,10.0
273,1.9663353567509692,0.4287744424302132,9.743099024561802,2.5764261437104697e-16,10.0
274,1.9663156933974018,0.42877015468578994,9.743001593571556,2.576400379449033e-16,10.0
275,1.9662960302404677,0.4287658669842441,9.74290416355562,2.5763746154452383e-16,10.0
276,1.9662763672801653,0.42876157932557535,9.742806734513984,2.576348851699084e-16,10.0
277,1.9662567045164925,0.42875729170978316,9.742709306446638,2.576323088210567e-16,10.0
278,1.9662370419494473,0.4287530041368671,9.742611879353573,2.576297324979685e-16,10.0
279,1.9662173795790279,0.4287487166068268,9.74251445323478,2.576271562006435e-16,10.0
280,1.966197717405232,0.42874442911966176,9.742417028090246,2.576245799290815e-16,10.0
281,1.9661780554280581,0.4287401416753716,9.742319603919965,2.576220036832822e-16,10.0
282,1.9661583936475038,0.42873585427395594,9.742222180723926,2.576194274632454e-16,10.0
283,1.9661387320635673,0.42873156691541425,9.742124758502118,2.5761685126897073e-16,10.0
284,1.9661190706762466,0.42872727959974616,9.742027337254534,2.5761427510045806e-16,10.0
285,1.9660994094855397,0.4287229923269512,9.741929916981162,2.5761169895770708e-16,10.0
286,1.966079748491445,0.42871870509702903,9.741832497681992,2.5760912284071747e-16,10.0
287,1.96606008769396,0.4287144179099791,9.741735079357015,2.5760654674948906e-16,10.0
288,1.9660404270930831,0.42871013076580106,9.741637662006221,2.5760397068402155e-16,10.0
289,1.966020766688812,0.42870584366449443,9.7415402456296,2.5760139464431473e-16,10.0
290,1.9660011064811451,0.42870155660605885,9.741442830227145,2.575988186303683e-16,10.0
291,1.9659814464700802,0.42869726959049387,9.741345415798843,2.57596242642182e-16,10.0
292,1.9659617866556156,0.42869298261779903,9.741248002344685,2.575936666797556e-16,10.0
293,1.965942127037749,0.4286886956879739,9.741150589864661,2.575910907430888e-16,10.0
294,1.9659224676164786,0.4286844088010181,9.741053178358763,2.5758851483218136e-16,10.0
295,1.9659028083918024,0.42868012195693117,9.74095576782698,2.5758593894703305e-16,10.0
296,1.9658831493637186,0.42867583515571267,9.740858358269302,2.5758336308764356e-16,10.0
297,1.965863490532225,0.42867154839736216,9.740760949685718,2.575807872540127e-16,10.0
298,1.9658438318973197,0.42866726168187924,9.740663542076222,2.5757821144614017e-16,10.0
299,1.9658241734590007,0.4286629750092635,9.740566135440801,2.575756356640257e-16,10.0
300,1.965804515217266,0.42865868837951443,9.740468729779447,2.5757305990766906e-16,10.0
301,1.965784857172114,0.4286544017926317,9.74037132509215,2.5757048417707e-16,10.0
302,1.965765199323542,0.42865011524861485,9.740273921378899,2.575679084722282e-16,10.0
303,1.9657455416715488,0.42864582874746343,9.740176518639684,2.575653327931435e-16,10.0
304,1.965725884216132,0.428641542289177,9.740079116874497,2.5756275713981556e-16,10.0
305,1.9657062269572898,0.4286372558737552,9.739981716083328,2.5756018151224414e-16,10.0
306,1.9656865698950203,0.4286329695011975,9.739884316266167,2.5755760591042903e-16,10.0
307,1.9656669130293214,0.42862868317150354,9.739786917423004,2.5755503033436993e-16,10.0
308,1.965647256360191,0.4286243968846729,9.73968951955383,2.575524547840666e-16,10.0
309,1.9656275998876274,0.4286201106407051,9.739592122658633,2.5754987925951874e-16,10.0
310,1.9656079436116285,0.4286158244395997,9.739494726737407,2.5754730376072615e-16,10.0
311,1.9655882875321924,0.4286115382813564,9.739397331790139,2.5754472828768854e-16,10.0
312,1.965568631649317,0.4286072521659746,9.73929993781682,2.5754215284040566e-16,10.0
313,1.9655489759630005,0.428602966093454,9.739202544817442,2.5753957741887726e-16,10.0
314,1.965529320473241,0.42859868006379415,9.739105152791993,2.5753700202310305e-16,10.0
315,1.9655096651800361,0.42859439407699457,9.739007761740465,2.5753442665308283e-16,10.0
316,1.9654900100833843,0.42859010813305487,9.738910371662849,2.575318513088163e-16,10.0
317,1.9654703551832835,0.4285858222319746,9.738812982559132,2.5752927599030324e-16,10.0
318,1.9654507004797317,0.42858153637375335,9.738715594429307,2.575267006975433e-16,10.0
319,1.9654310459727269,0.4285772505583907,9.738618207273362,2.5752412543053636e-16,10.0
320,1.965411391662267,0.42857296478588613,9.738520821091289,2.5752155018928206e-16,10.0
321,1.9653917375483505,0.42856867905623935,9.738423435883078,2.5751897497378017e-16,10.0
322,1.965372083630975,0.42856439336944985,9.73832605164872,2.5751639978403044e-16,10.0
323,1.9653524299101386,0.4285601077255172,9.738228668388203,2.575138246200326e-16,10.0
324,1.9653327763858395,0.42855582212444104,9.738131286101519,2.575112494817864e-16,10.0
325,1.9653131230580756,0.42855153656622086,9.738033904788658,2.575086743692916e-16,10.0
326,1.965293469926845,0.4285472510508563,9.73793652444961,2.575060992825479e-16,10.0
327,1.9652738169921458,0.4285429655783468,9.737839145084365,2.5750352422155507e-16,10.0
328,1.9652541642539758,0.42853868014869206,9.737741766692915,2.5750094918631287e-16,10.0
329,1.9652345117123333,0.42853439476189165,9.737644389275248,2.57498374176821e-16,10.0
330,1.9652148593672163,0.42853010941794506,9.737547012831355,2.5749579919307927e-16,10.0
331,1.9651952072186227,0.4285258241168519,9.737449637361227,2.574932242350873e-16,10.0
332,1.9651755552665506,0.42852153885861183,9.737352262864853,2.5749064930284496e-16,10.0
333,1.965155903510998,0.4285172536432243,9.737254889342225,2.574880743963519e-16,10.0
334,1.9651362519519628,0.4285129684706889,9.737157516793332,2.5748549951560794e-16,10.0
335,1.9651166005894434,0.4285086833410053,9.737060145218164,2.5748292466061277e-16,10.0
336,1.9650969494234374,0.4285043982541729,9.736962774616712,2.5748034983136617e-16,10.0
337,1.965077298453943,0.42850011321019144,9.736865404988967,2.5747777502786784e-16,10.0
338,1.9650576476809585,0.4284958282090604,9.736768036334917,2.5747520025011754e-16,10.0
339,1.9650379971044816,0.42849154325077937,9.736670668654554,2.57472625498115e-16,10.0
340,1.9650183467245106,0.4284872583353479,9.736573301947868,2.5747005077186003e-16,10.0
341,1.9649986965410433,0.4284829734627656,9.736475936214848,2.574674760713523e-16,10.0
342,1.964979046554078,0.428478688633032,9.736378571455486,2.574649013965916e-16,10.0
343,1.9649593967636123,0.4284744038461467,9.736281207669771,2.5746232674757764e-16,10.0
344,1.9649397471696446,0.4284701191021093,9.736183844857694,2.5745975212431016e-16,10.0
345,1.9649200977721728,0.42846583440091934,9.736086483019244,2.5745717752678894e-16,10.0
346,1.9649004485711952,0.4284615497425764,9.735989122154415,2.5745460295501367e-16,10.0
347,1.9648807995667095,0.42845726512708004,9.735891762263194,2.574520284089841e-16,10.0
348,1.9648611507587137,0.4284529805544298,9.73579440334557,2.574494538887e-16,10.0
349,1.964841502147206,0.4284486960246253,9.735697045401537,2.5744687939416113e-16,10.0
350,1.9648218537321847,0.4284444115376661,9.735599688431083,2.5744430492536716e-16,10.0
351,1.9648022055136474,0.4284401270935518,9.7355023324342,2.574417304823179e-16,10.0
352,1.9647825574915923,0.4284358426922819,9.735404977410875,2.574391560650131e-16,10.0
353,1.9647629096660173,0.42843155833385604,9.7353076233611,2.5743658167345247e-16,10.0
354,1.9647432620369207,0.42842727401827374,9.735210270284867,2.574340073076357e-16,10.0
355,1.9647236146043003,0.4284229897455346,9.735112918182164,2.5743143296756265e-16,10.0
356,1.9647039673681543,0.4284187055156382,9.735015567052983,2.57428858653233e-16,10.0
357,1.9646843203284807,0.4284144213285841,9.734918216897313,2.5742628436464645e-16,10.0
358,1.9646646734852775,0.4284101371843719,9.734820867715143,2.574237101018028e-16,10.0
359,1.9646450268385427,0.4284058530830011,9.734723519506467,2.574211358647018e-16,10.0
360,1.9646253803882743,0.42840156902447135,9.734626172271271,2.5741856165334316e-16,10.0
361,1.9646057341344705,0.42839728500878216,9.734528826009548,2.5741598746772665e-16,10.0
362,1.964586088077129,0.42839300103593314,9.734431480721287,2.57413413307852e-16,10.0
363,1.9645664422162483,0.42838871710592386,9.73433413640648,2.574108391737189e-16,10.0
364,1.9645467965518262,0.42838443321875386,9.734236793065115,2.574082650653272e-16,10.0
365,1.9645271510838607,0.4283801493744227,9.734139450697185,2.5740569098267655e-16,10.0
366,1.9645075058123498,0.42837586557293,9.734042109302678,2.5740311692576673e-16,10.0
367,1.9644878607372918,0.4283715818142753,9.733944768881585,2.574005428945975e-16,10.0
368,1.9644682158586844,0.42836729809845825,9.733847429433897,2.5739796888916855e-16,10.0
369,1.9644485711765258,0.4283630144254783,9.733750090959603,2.5739539490947963e-16,10.0
370,1.9644289266908141,0.4283587307953351,9.733652753458694,2.5739282095553056e-16,10.0
371,1.9644092824015473,0.4283544472080282,9.733555416931159,2.57390247027321e-16,10.0
372,1.9643896383087234,0.42835016366355716,9.73345808137699,2.573876731248507e-16,10.0
373,1.9643699944123403,0.4283458801619216,9.733360746796176,2.573850992481195e-16,10.0
374,1.964350350712396,0.42834159670312105,9.733263413188709,2.57382525397127e-16,10.0
375,1.964330707208889,0.4283373132871551,9.733166080554577,2.5737995157187306e-16,10.0
376,1.9643110639018169,0.4283330299140233,9.733068748893771,2.5737737777235737e-16,10.0
377,1.964291420791178,0.4283287465837252,9.732971418206283,2.5737480399857964e-16,10.0
378,1.96427177787697,0.42832446329626045,9.732874088492101,2.5737223025053963e-16,10.0
379,1.9642521351591913,0.42832018005162853,9.732776759751216,2.5736965652823715e-16,10.0
380,1.9642324926378396,0.42831589684982907,9.732679431983618,2.5736708283167185e-16,10.0
381,1.9642128503129133,0.4283116136908616,9.732582105189298,2.573645091608435e-16,10.0
382,1.9641932081844102,0.42830733057472575,9.732484779368246,2.5736193551575194e-16,10.0
383,1.9641735662523283,0.42830304750142106,9.732387454520453,2.573593618963968e-16,10.0
384,1.9641539245166657,0.4282987644709471,9.732290130645907,2.5735678830277783e-16,10.0
385,1.9641342829774204,0.42829448148330346,9.732192807744601,2.573542147348948e-16,10.0
386,1.9641146416345907,0.4282901985384897,9.732095485816524,2.5735164119274746e-16,10.0
387,1.9640950004881743,0.42828591563650537,9.731998164861666,2.5734906767633556e-16,10.0
388,1.9640753595381695,0.42828163277735004,9.731900844880018,2.573464941856588e-16,10.0
389,1.9640557187845742,0.42827734996102335,9.73180352587157,2.5734392072071697e-16,10.0
390,1.9640360782273862,0.4282730671875248,9.73170620783631,2.5734134728150975e-16,10.0
391,1.964016437866604,0.42826878445685396,9.731608890774233,2.5733877386803694e-16,10.0
392,1.9639967977022255,0.42826450176901043,9.731511574685324,2.5733620048029826e-16,10.0
393,1.9639771577342484,0.4282602191239938,9.731414259569577,2.5733362711829345e-16,10.0
394,1.9639575179626712,0.4282559365218036,9.731316945426983,2.5733105378202227e-16,10.0
395,1.9639378783874915,0.4282516539624394,9.731219632257528,2.5732848047148447e-16,10.0
396,1.9639182390087075,0.42824737144590086,9.731122320061205,2.5732590718667976e-16,10.0
397,1.9638985998263174,0.42824308897218744,9.731025008838005,2.573233339276079e-16,10.0
398,1.963878960840319,0.42823880654129876,9.730927698587916,2.573207606942686e-16,10.0
399,1.9638593220507108,0.4282345241532344,9.73083038931093,2.573181874866617e-16,10.0
400,1.9638396834574903,0.4282302418079939,9.730733081007036,2.573156143047868e-16,10.0
401,1.9638200450606558,0.4282259595055769,9.730635773676227,2.573130411486438e-16,10.0
402,1.963800406860205,0.4282216772459829,9.730538467318489,2.573104680182323e-16,10.0
403,1.9637807688561364,0.4282173950292115,9.730441161933816,2.573078949135521e-16,10.0
404,1.9637611310484477,0.4282131128552623,9.730343857522197,2.5730532183460296e-16,10.0
405,1.9637414934371373,0.4282088307241348,9.730246554083621,2.5730274878138464e-16,10.0
406,1.963721856022203,0.42820454863582863,9.73014925161808,2.5730017575389684e-16,10.0
407,1.9637022188036428,0.4282002665903433,9.730051950125564,2.572976027521393e-16,10.0
408,1.9636825817814547,0.4281959845876785,9.729954649606062,2.572950297761118e-16,10.0
409,1.9636629449556369,0.4281917026278337,9.729857350059566,2.57292456825814e-16,10.0
410,1.9636433083261873,0.42818742071080845,9.729760051486066,2.5728988390124574e-16,10.0
411,1.963623671893104,0.4281831388366024,9.72966275388555,2.572873110024067e-16,10.0
412,1.963604035656385,0.42817885700521513,9.729565457258012,2.572847381292967e-16,10.0
413,1.9635843996160285,0.42817457521664615,9.729468161603439,2.572821652819154e-16,10.0
414,1.9635647637720324,0.428170293470895,9.729370866921823,2.5727959246026255e-16,10.0
415,1.9635451281243947,0.4281660117679614,9.729273573213153,2.5727701966433796e-16,10.0
416,1.9635254926731136,0.42816173010784475,9.72917628047742,2.5727444689414134e-16,10.0
417,1.963505857418187,0.4281574484905447,9.729078988714615,2.572718741496724e-16,10.0
418,1.9634862223596128,0.42815316691606087,9.728981697924729,2.572693014309309e-16,10.0
419,1.9634665874973891,0.4281488853843928,9.72888440810775,2.5726672873791656e-16,10.0
420,1.9634469528315142,0.42814460389554,9.728787119263668,2.5726415607062916e-16,10.0
421,1.963427318361986,0.42814032244950206,9.728689831392476,2.5726158342906843e-16,10.0
422,1.9634076840888024,0.4281360410462786,9.728592544494163,2.5725901081323414e-16,10.0
423,1.9633880500119616,0.4281317596858692,9.728495258568717,2.5725643822312603e-16,10.0
424,1.9633684161314615,0.4281274783682734,9.728397973616131,2.572538656587438e-16,10.0
425,1.9633487824473002,0.4281231970934908,9.728300689636395,2.572512931200872e-16,10.0
426,1.9633291489594757,0.4281189158615209,9.728203406629499,2.5724872060715604e-16,10.0
427,1.963309515667986,0.4281146346723633,9.728106124595433,2.5724614811994995e-16,10.0
428,1.9632898825728293,0.4281103535260177,9.728008843534187,2.5724357565846877e-16,10.0
429,1.9632702496740035,0.42810607242248344,9.727911563445753,2.572410032227122e-16,10.0
430,1.9632506169715067,0.4281017913617603,9.727814284330119,2.5723843081267997e-16,10.0
431,1.963230984465337,0.42809751034384774,9.727717006187275,2.5723585842837186e-16,10.0
432,1.9632113521554924,0.4280932293687454,9.727619729017214,2.572332860697876e-16,10.0
433,1.9631917200419708,0.42808894843645273,9.727522452819922,2.5723071373692686e-16,10.0
434,1.9631720881247705,0.42808466754696944,9.727425177595395,2.5722814142978947e-16,10.0
435,1.9631524564038894,0.428080386700295,9.72732790334362,2.5722556914837515e-16,10.0
436,1.9631328248793254,0.4280761058964291,9.727230630064586,2.5722299689268367e-16,10.0
437,1.9631131935510766,0.4280718251353712,9.727133357758285,2.572204246627147e-16,10.0
438,1.963093562419141,0.42806754441712086,9.727036086424707,2.572178524584681e-16,10.0
439,1.9630739314835168,0.42806326374167775,9.726938816063843,2.5721528027994354e-16,10.0
440,1.963054300744202,0.4280589831090414,9.726841546675683,2.572127081271407e-16,10.0
441,1.9630346702011947,0.42805470251921135,9.726744278260217,2.5721013600005945e-16,10.0
442,1.9630150398544928,0.42805042197218723,9.726647010817434,2.5720756389869943e-16,10.0
443,1.9629954097040943,0.42804614146796854,9.726549744347325,2.572049918230604e-16,10.0
444,1.9629757797499972,0.42804186100655495,9.726452478849883,2.5720241977314217e-16,10.0
445,1.9629561499921997,0.42803758058794594,9.726355214325094,2.5719984774894443e-16,10.0
446,1.9629365204306999,0.42803330021214114,9.72625795077295,2.5719727575046696e-16,10.0
447,1.9629168910654955,0.4280290198791401,9.726160688193442,2.5719470377770946e-16,10.0
448,1.9628972618965848,0.4280247395889424,9.72606342658656,2.571921318306717e-16,10.0
449,1.9628776329239659,0.42802045934154753,9.725966165952293,2.571895599093534e-16,10.0
450,1.9628580041476367,0.42801617913695517,9.725868906290634,2.571869880137543e-16,10.0
451,1.962838375567595,0.42801189897516484,9.72577164760157,2.5718441614387416e-16,10.0
452,1.9628187471838394,0.42800761885617616,9.725674389885095,2.5718184429971273e-16,10.0
453,1.9627991189963676,0.42800333877998864,9.725577133141195,2.5717927248126973e-16,10.0
454,1.9627794910051777,0.4279990587466019,9.725479877369864,2.5717670068854494e-16,10.0
455,1.9627598632102676,0.4279947787560155,9.72538262257109,2.5717412892153804e-16,10.0
456,1.9627402356116355,0.427990498808229,9.725285368744863,2.5717155718024885e-16,10.0
457,1.9627206082092794,0.42798621890324196,9.725188115891177,2.5716898546467707e-16,10.0
458,1.9627009810031972,0.42798193904105397,9.725090864010017,2.571664137748224e-16,10.0
459,1.9626813539933872,0.42797765922166464,9.724993613101377,2.5716384211068464e-16,10.0
460,1.9626617271798472,0.42797337944507347,9.724896363165247,2.5716127047226355e-16,10.0
461,1.9626421005625754,0.42796909971128005,9.724799114201614,2.5715869885955884e-16,10.0
462,1.9626224741415697,0.427964820020284,9.724701866210472,2.5715612727257025e-16,10.0
463,1.9626028479168283,0.42796054037208486,9.72460461919181,2.5715355571129754e-16,10.0
464,1.962583221888349,0.4279562607666822,9.724507373145618,2.571509841757404e-16,10.0
465,1.96256359605613,0.42795198120407557,9.724410128071886,2.5714841266589867e-16,10.0
466,1.9625439704201695,0.4279477016842646,9.724312883970606,2.57145841181772e-16,10.0
467,1.9625243449804652,0.4279434222072488,9.724215640841766,2.571432697233602e-16,10.0
468,1.9625047197370153,0.42793914277302775,9.724118398685357,2.5714069829066296e-16,10.0
469,1.962485094689818,0.4279348633816011,9.72402115750137,2.5713812688368005e-16,10.0
470,1.962465469838871,0.4279305840329683,9.723923917289795,2.571355555024112e-16,10.0
471,1.9624458451841726,0.427926304727129,9.723826678050623,2.5713298414685615e-16,10.0
472,1.9624262207257208,0.4279220254640828,9.723729439783842,2.5713041281701467e-16,10.0
473,1.9624065964635136,0.4279177462438292,9.723632202489444,2.571278415128865e-16,10.0
474,1.962386972397549,0.42791346706636785,9.723534966167419,2.5712527023447136e-16,10.0
475,1.962367348527825,0.42790918793169824,9.723437730817757,2.5712269898176904e-16,10.0
476,1.9623477248543397,0.42790490883981996,9.723340496440448,2.5712012775477925e-16,10.0
477,1.9623281013770912,0.4279006297907326,9.723243263035483,2.571175565535017e-16,10.0
478,1.9623084780960776,0.4278963507844358,9.723146030602853,2.5711498537793615e-16,10.0
479,1.9622888550112967,0.427892071820929,9.723048799142548,2.5711241422808236e-16,10.0
480,1.9622692321227466,0.42788779290021184,9.722951568654556,2.5710984310394006e-16,10.0
481,1.9622496094304254,0.4278835140222839,9.72285433913887,2.57107272005509e-16,10.0
482,1.9622299869343311,0.42787923518714477,9.722757110595479,2.5710470093278894e-16,10.0
483,1.9622103646344617,0.42787495639479395,9.722659883024374,2.5710212988577963e-16,10.0
484,1.9621907425308154,0.42787067764523107,9.722562656425543,2.570995588644808e-16,10.0
485,1.96217112062339,0.4278663989384557,9.722465430798978,2.5709698786889214e-16,10.0
486,1.9621514989121838,0.42786212027446735,9.72236820614467,2.5709441689901346e-16,10.0
487,1.9621318773971947,0.4278578416532657,9.722270982462609,2.5709184595484445e-16,10.0
488,1.9621122560784208,0.42785356307485023,9.722173759752785,2.570892750363849e-16,10.0
489,1.96209263495586,0.42784928453922055,9.722076538015187,2.5708670414363455e-16,10.0
490,1.9620730140295104,0.4278450060463762,9.721979317249808,2.570841332765931e-16,10.0
491,1.96205339329937,0.4278407275963168,9.721882097456636,2.5708156243526035e-16,10.0
492,1.9620337727654371,0.4278364491890419,9.721784878635662,2.5707899161963598e-16,10.0
493,1.9620141524277095,0.42783217082455105,9.721687660786875,2.570764208297198e-16,10.0
494,1.9619945322861851,0.42782789250284387,9.721590443910268,2.570738500655115e-16,10.0
495,1.9619749123408623,0.4278236142239199,9.721493228005828,2.5707127932701085e-16,10.0
496,1.961955292591739,0.4278193359877787,9.721396013073548,2.570687086142176e-16,10.0
497,1.961935673038813,0.4278150577944199,9.721298799113418,2.5706613792713146e-16,10.0
498,1.9619160536820828,0.427810779643843,9.721201586125426,2.5706356726575217e-16,10.0
499,1.961896434521546,0.4278065015360476,9.721104374109565,2.570609966300795e-16,10.0
500,1.9618768155572006,0.4278022234710333,9.721007163065824,2.570584260201132e-16,10.0
501,1.961857196789045,0.4277979454487997,9.720909952994193,2.57055855435853e-16,10.0
502,1.9618375782170772,0.4277936674693462,9.720812743894662,2.570532848772986e-16,10.0
503,1.961817959841295,0.4277893895326726,9.720715535767223,2.5705071434444986e-16,10.0
504,1.9617983416616966,0.4277851116387783,9.720618328611865,2.5704814383730644e-16,10.0
505,1.96177872367828,0.42778083378766296,9.720521122428579,2.5704557335586805e-16,10.0
506,1.9617591058910433,0.4277765559793261,9.720423917217355,2.570430029001345e-16,10.0
507,1.9617394882999843,0.4277722782137674,9.720326712978183,2.570404324701055e-16,10.0
508,1.9617198709051014,0.4277680004909863,9.720229509711054,2.5703786206578076e-16,10.0
509,1.9617002537063923,0.42776372281098246,9.720132307415957,2.570352916871601e-16,10.0
510,1.9616806367038553,0.4277594451737554,9.720035106092883,2.570327213342432e-16,10.0
511,1.9616610198974882,0.4277551675793047,9.719937905741823,2.570301510070299e-16,10.0
512,1.9616414032872893,0.42775089002762995,9.719840706362765,2.570275807055198e-16,10.0
513,1.9616217868732564,0.42774661251873075,9.719743507955702,2.5702501042971277e-16,10.0
514,1.9616021706553877,0.4277423350526066,9.719646310520622,2.570224401796085e-16,10.0
515,1.9615825546336811,0.42773805762925715,9.719549114057516,2.5701986995520666e-16,10.0
516,1.9615629388081348,0.4277337802486819,9.719451918566376,2.570172997565071e-16,10.0
517,1.9615433231787467,0.42772950291088047,9.719354724047191,2.5701472958350954e-16,10.0
518,1.961523707745515,0.4277252256158524,9.71925753049995,2.570121594362137e-16,10.0
519,1.9615040925084375,0.4277209483635973,9.719160337924645,2.5700958931461934e-16,10.0
520,1.9614844774675124,0.4277166711541147,9.719063146321266,2.570070192187262e-16,10.0
521,1.9614648626227378,0.42771239398740424,9.718965955689804,2.5700444914853403e-16,10.0
522,1.9614452479741116,0.42770811686346544,9.718868766030246,2.5700187910404254e-16,10.0
523,1.9614256335216318,0.42770383978229787,9.718771577342586,2.569993090852515e-16,10.0
524,1.9614060192652967,0.4276995627439011,9.718674389626813,2.5699673909216066e-16,10.0
525,1.961386405205104,0.4276952857482747,9.718577202882916,2.569941691247697e-16,10.0
526,1.961366791341052,0.42769100879541827,9.718480017110886,2.569915991830785e-16,10.0
527,1.9613471776731386,0.42768673188533135,9.718382832310715,2.569890292670867e-16,10.0
528,1.961327564201362,0.42768245501801355,9.718285648482391,2.5698645937679402e-16,10.0
529,1.9613079509257199,0.42767817819346443,9.718188465625907,2.5698388951220024e-16,10.0
530,1.9612883378462107,0.42767390141168354,9.71809128374125,2.5698131967330513e-16,10.0
531,1.9612687249628322,0.4276696246726705,9.717994102828413,2.569787498601084e-16,10.0
532,1.9612491122755826,0.4276653479764248,9.717896922887386,2.569761800726098e-16,10.0
533,1.96122949978446,0.4276610713229461,9.717799743918157,2.569736103108091e-16,10.0
534,1.9612098874894621,0.42765679471223395,9.717702565920717,2.5697104057470595e-16,10.0
535,1.9611902753905872,0.4276525181442879,9.717605388895059,2.569684708643002e-16,10.0
536,1.9611706634878332,0.4276482416191075,9.717508212841171,2.5696590117959156e-16,10.0
537,1.9611510517811983,0.4276439651366924,9.717411037759042,2.5696333152057976e-16,10.0
538,1.9611314402706805,0.4276396886970421,9.717313863648664,2.5696076188726457e-16,10.0
539,1.961111828956278,0.42763541230015617,9.717216690510028,2.569581922796457e-16,10.0
540,1.9610922178379884,0.42763113594603425,9.717119518343123,2.569556226977229e-16,10.0
541,1.96107260691581,0.42762685963467584,9.71702234714794,2.5695305314149593e-16,10.0
542,1.9610529961897407,0.42762258336608056,9.71692517692447,2.569504836109645e-16,10.0
543,1.9610333856597788,0.42761830714024796,9.716828007672701,2.569479141061284e-16,10.0
544,1.9610137753259222,0.4276140309571776,9.716730839392625,2.5694534462698733e-16,10.0
545,1.960994165188169,0.4276097548168691,9.716633672084232,2.5694277517354105e-16,10.0
546,1.9609745552465172,0.427605478719322,9.716536505747511,2.569402057457893e-16,10.0
547,1.9609549455009647,0.42760120266453583,9.716439340382454,2.5693763634373183e-16,10.0
548,1.9609353359515098,0.42759692665251026,9.71634217598905,2.569350669673684e-16,10.0
549,1.9609157265981503,0.42759265068324476,9.71624501256729,2.569324976166987e-16,10.0
550,1.9608961174408843,0.427588374756739,9.716147850117164,2.5692992829172253e-16,10.0
551,1.96087650847971,0.4275840988729925,9.716050688638662,2.5692735899243963e-16,10.0
552,1.9608568997146252,0.4275798230320048,9.715953528131775,2.569247897188497e-16,10.0
553,1.960837291145628,0.42757554723377555,9.715856368596494,2.569222204709525e-16,10.0
554,1.9608176827727166,0.42757127147830426,9.71575921003281,2.569196512487478e-16,10.0
555,1.9607980745958888,0.42756699576559054,9.71566205244071,2.569170820522353e-16,10.0
556,1.9607784666151429,0.42756272009563395,9.715564895820185,2.5691451288141473e-16,10.0
557,1.9607588588304767,0.42755844446843405,9.715467740171226,2.569119437362859e-16,10.0
558,1.9607392512418884,0.4275541688839904,9.715370585493824,2.5690937461684856e-16,10.0
559,1.960719643849376,0.4275498933423026,9.715273431787969,2.569068055231024e-16,10.0
560,1.9607000366529375,0.4275456178433702,9.71517627905365,2.5690423645504716e-16,10.0
561,1.9606804296525708,0.4275413423871928,9.71507912729086,2.569016674126826e-16,10.0
562,1.9606608228482743,0.42753706697377003,9.714981976499587,2.568990983960085e-16,10.0
563,1.9606412162400457,0.42753279160310137,9.714884826679821,2.568965294050245e-16,10.0
564,1.9606216098278832,0.4275285162751864,9.714787677831554,2.568939604397305e-16,10.0
565,1.960602003611785,0.4275242409900247,9.714690529954776,2.568913915001261e-16,10.0
566,1.960582397591749,0.4275199657476158,9.714593383049477,2.568888225862111e-16,10.0
567,1.960562791767773,0.4275156905479594,9.714496237115647,2.5688625369798523e-16,10.0
568,1.9605431861398555,0.42751141539105497,9.714399092153275,2.568836848354482e-16,10.0
569,1.9605235807079942,0.4275071402769021,9.714301948162355,2.568811159985999e-16,10.0
570,1.9605039754721871,0.4275028652055004,9.714204805142874,2.568785471874399e-16,10.0
571,1.9604843704324324,0.4274985901768494,9.714107663094822,2.5687597840196806e-16,10.0
572,1.9604647655887282,0.42749431519094866,9.71401052201819,2.5687340964218403e-16,10.0
573,1.9604451609410722,0.4274900402477978,9.71391338191297,2.5687084090808763e-16,10.0
574,1.9604255564894628,0.42748576534739635,9.713816242779151,2.5686827219967857e-16,10.0
575,1.960405952233898,0.42748149048974393,9.713719104616723,2.568657035169566e-16,10.0
576,1.9603863481743755,0.4274772156748401,9.713621967425677,2.568631348599214e-16,10.0
577,1.9603667443108939,0.4274729409026844,9.713524831206003,2.568605662285728e-16,10.0
578,1.9603471406434507,0.42746866617327645,9.71342769595769,2.568579976229105e-16,10.0
579,1.9603275371720443,0.42746439148661575,9.713330561680731,2.5685542904293426e-16,10.0
580,1.9603079338966727,0.4274601168427019,9.713233428375114,2.568528604886438e-16,10.0
581,1.9602883308173338,0.42745584224153454,9.71313629604083,2.5685029196003893e-16,10.0
582,1.9602687279340256,0.4274515676831132,9.71303916467787,2.568477234571193e-16,10.0
583,1.9602491252467462,0.42744729316743746,9.712942034286224,2.5684515497988474e-16,10.0
584,1.9602295227554938,0.42744301869450685,9.71284490486588,2.5684258652833495e-16,10.0
585,1.9602099204602663,0.42743874426432094,9.712747776416832,2.568400181024697e-16,10.0
586,1.9601903183610616,0.42743446987687933,9.712650648939068,2.5683744970228864e-16,10.0
587,1.960170716457878,0.4274301955321816,9.712553522432579,2.5683488132779163e-16,10.0
588,1.9601511147507136,0.4274259212302273,9.712456396897354,2.5683231297897835e-16,10.0
589,1.960131513239566,0.4274216469710161,9.712359272333385,2.5682974465584855e-16,10.0
590,1.9601119119244337,0.42741737275454744,9.712262148740662,2.56827176358402e-16,10.0
591,1.9600923108053145,0.42741309858082094,9.712165026119175,2.568246080866384e-16,10.0
592,1.9600727098822064,0.4274088244498362,9.712067904468913,2.5682203984055753e-16,10.0
593,1.9600531091551077,0.42740455036159275,9.71197078378987,2.568194716201591e-16,10.0
594,1.9600335086240162,0.4274002763160902,9.711873664082031,2.568169034254429e-16,10.0
595,1.9600139082889299,0.4273960023133281,9.71177654534539,2.5681433525640867e-16,10.0
596,1.959994308149847,0.427391728353306,9.711679427579938,2.568117671130561e-16,10.0
597,1.9599747082067656,0.42738745443602355,9.711582310785662,2.5680919899538497e-16,10.0
598,1.9599551084596836,0.4273831805614802,9.711485194962554,2.56806630903395e-16,10.0
599,1.959935508908599,0.42737890672967566,9.711388080110604,2.56804062837086e-16,10.0
600,1.95991590955351,0.4273746329406094,9.711290966229802,2.5680149479645764e-16,10.0
601,1.9598963103944145,0.42737035919428107,9.71119385332014,2.567989267815097e-16,10.0
602,1.9598767114313105,0.42736608549069016,9.711096741381606,2.5679635879224184e-16,10.0
603,1.9598571126641962,0.4273618118298363,9.710999630414193,2.567937908286539e-16,10.0
604,1.9598375140930695,0.42735753821171907,9.71090252041789,2.567912228907456e-16,10.0
605,1.9598179157179285,0.427353264636338,9.710805411392686,2.567886549785167e-16,10.0
606,1.9597983175387714,0.4273489911036927,9.710708303338572,2.567860870919669e-16,10.0
607,1.959778719555596,0.4273447176137827,9.710611196255538,2.56783519231096e-16,10.0
608,1.9597591217684005,0.4273404441666076,9.710514090143576,2.567809513959037e-16,10.0
609,1.959739524177183,0.427336170762167,9.710416985002675,2.5677838358638975e-16,10.0
610,1.9597199267819412,0.42733189740046046,9.710319880832825,2.5677581580255387e-16,10.0
611,1.9597003295826734,0.4273276240814875,9.710222777634018,2.5677324804439586e-16,10.0
612,1.9596807325793775,0.42732335080524775,9.71012567540624,2.567706803119154e-16,10.0
613,1.9596611357720517,0.42731907757174076,9.710028574149487,2.567681126051123e-16,10.0
614,1.959641539160694,0.4273148043809661,9.709931473863746,2.5676554492398624e-16,10.0
615,1.9596219427453025,0.42731053123292334,9.709834374549008,2.56762977268537e-16,10.0
616,1.9596023465258752,0.4273062581276121,9.709737276205262,2.567604096387643e-16,10.0
617,1.95958275050241,0.42730198506503186,9.7096401788325,2.567578420346679e-16,10.0
618,1.9595631546749048,0.42729771204518224,9.709543082430711,2.5675527445624756e-16,10.0
619,1.959543559043358,0.42729343906806283,9.709445986999887,2.56752706903503e-16,10.0
620,1.9595239636077677,0.4272891661336732,9.709348892540017,2.5675013937643396e-16,10.0
621,1.9595043683681317,0.4272848932420129,9.709251799051092,2.567475718750402e-16,10.0
622,1.959484773324448,0.42728062039308157,9.709154706533102,2.5674500439932146e-16,10.0
623,1.9594651784767148,0.4272763475868787,9.709057614986037,2.567424369492775e-16,10.0
624,1.95944558382493,0.4272720748234039,9.708960524409887,2.56739869524908e-16,10.0
625,1.9594259893690917,0.42726780210265675,9.708863434804643,2.5673730212621275e-16,10.0
626,1.959406395109198,0.42726352942463675,9.708766346170295,2.5673473475319147e-16,10.0
627,1.9593868010452469,0.42725925678934357,9.708669258506832,2.5673216740584397e-16,10.0
628,1.9593672071772363,0.4272549841967767,9.708572171814247,2.567296000841699e-16,10.0
629,1.9593476135051646,0.4272507116469358,9.708475086092529,2.5672703278816904e-16,10.0
630,1.9593280200290295,0.42724643913982036,9.708378001341668,2.567244655178412e-16,10.0
631,1.9593084267488292,0.42724216667543,9.708280917561654,2.56721898273186e-16,10.0
632,1.9592888336645617,0.4272378942537643,9.708183834752479,2.5671933105420327e-16,10.0
633,1.959269240776225,0.42723362187482283,9.70808675291413,2.5671676386089274e-16,10.0
634,1.9592496480838173,0.42722934953860514,9.707989672046601,2.567141966932541e-16,10.0
635,1.9592300555873365,0.42722507724511083,9.70789259214988,2.567116295512872e-16,10.0
636,1.9592104632867806,0.42722080499433945,9.707795513223958,2.5670906243499165e-16,10.0
637,1.9591908711821477,0.42721653278629057,9.707698435268826,2.567064953443673e-16,10.0
638,1.959171279273436,0.42721226062096374,9.707601358284473,2.5670392827941385e-16,10.0
639,1.9591516875606432,0.42720798849835856,9.70750428227089,2.5670136124013107e-16,10.0
640,1.9591320960437675,0.42720371641847465,9.707407207228067,2.5669879422651866e-16,10.0
641,1.959112504722807,0.4271994443813115,9.707310133155994,2.566962272385764e-16,10.0
642,1.95909291359776,0.42719517238686877,9.707213060054663,2.5669366027630397e-16,10.0
643,1.9590733226686239,0.42719090043514596,9.707115987924062,2.566910933397012e-16,10.0
644,1.9590537319353971,0.42718662852614264,9.707018916764182,2.566885264287678e-16,10.0
645,1.9590341413980779,0.42718235665985843,9.706921846575014,2.566859595435035e-16,10.0
646,1.9590145510566639,0.4271780848362929,9.706824777356548,2.5668339268390807e-16,10.0
647,1.9589949609111532,0.42717381305544555,9.706727709108774,2.566808258499812e-16,10.0
648,1.958975370961544,0.42716954131731605,9.706630641831683,2.566782590417227e-16,10.0
649,1.9589557812078344,0.42716526962190393,9.706533575525265,2.566756922591323e-16,10.0
650,1.9589361916500223,0.42716099796920876,9.70643651018951,2.566731255022097e-16,10.0
651,1.9589166022881057,0.42715672635923013,9.706339445824408,2.566705587709547e-16,10.0
652,1.9588970131220829,0.4271524547919676,9.70624238242995,2.56667992065367e-16,10.0
653,1.9588774241519515,0.42714818326742077,9.706145320006126,2.5666542538544634e-16,10.0
654,1.95885783537771,0.42714391178558914,9.706048258552926,2.5666285873119246e-16,10.0
655,1.9588382467993561,0.42713964034647234,9.70595119807034,2.5666029210260517e-16,10.0
656,1.958818658416888,0.4271353689500699,9.705854138558358,2.5665772549968415e-16,10.0
657,1.958799070230304,0.42713109759638146,9.705757080016973,2.5665515892242916e-16,10.0
658,1.9587794822396016,0.42712682628540655,9.705660022446173,2.566525923708399e-16,10.0
659,1.9587598944447793,0.42712255501714474,9.705562965845948,2.566500258449162e-16,10.0
660,1.9587403068458349,0.4271182837915956,9.705465910216288,2.5664745934465775e-16,10.0
661,1.9587207194427665,0.42711401260875875,9.705368855557186,2.566448928700643e-16,10.0
662,1.958701132235572,0.42710974146863373,9.70527180186863,2.5664232642113557e-16,10.0
663,1.9586815452242496,0.4271054703712201,9.705174749150611,2.5663975999787137e-16,10.0
664,1.9586619584087974,0.4271011993165174,9.70507769740312,2.5663719360027137e-16,10.0
665,1.9586423717892134,0.4270969283045253,9.704980646626145,2.566346272283354e-16,10.0
666,1.9586227853654956,0.42709265733524326,9.704883596819679,2.566320608820631e-16,10.0
667,1.958603199137642,0.427088386408671,9.70478654798371,2.566294945614543e-16,10.0
668,1.9585836131056507,0.42708411552480796,9.70468950011823,2.566269282665087e-16,10.0
669,1.9585640272695195,0.4270798446836538,9.704592453223228,2.5662436199722603e-16,10.0
670,1.9585444416292468,0.427075573885208,9.704495407298696,2.5662179575360606e-16,10.0
671,1.9585248561848305,0.4270713031294702,9.704398362344623,2.566192295356485e-16,10.0
672,1.9585052709362687,0.42706703241644,9.704301318360999,2.5661666334335317e-16,10.0
673,1.9584856858835593,0.4270627617461169,9.704204275347815,2.566140971767197e-16,10.0
674,1.9584661010267004,0.42705849111850047,9.704107233305061,2.5661153103574795e-16,10.0
675,1.9584465163656901,0.4270542205335903,9.704010192232728,2.566089649204376e-16,10.0
676,1.9584269319005265,0.427049949991386,9.703913152130806,2.566063988307884e-16,10.0
677,1.9584073476312076,0.42704567949188715,9.703816112999284,2.5660383276680007e-16,10.0
678,1.9583877635577314,0.4270414090350933,9.703719074838155,2.5660126672847243e-16,10.0
679,1.9583681796800958,0.427037138621004,9.703622037647406,2.5659870071580514e-16,10.0
680,1.958348595998299,0.42703286824961884,9.70352500142703,2.56596134728798e-16,10.0
681,1.958329012512339,0.4270285979209374,9.703427966177015,2.565935687674507e-16,10.0
682,1.9583094292222138,0.42702432763495923,9.703330931897353,2.56591002831763e-16,10.0
683,1.9582898461279217,0.4270200573916839,9.703233898588035,2.565884369217347e-16,10.0
684,1.9582702632294604,0.42701578719111105,9.70313686624905,2.565858710373655e-16,10.0
685,1.958250680526828,0.4270115170332402,9.703039834880387,2.565833051786551e-16,10.0
686,1.9582310980200228,0.4270072469180709,9.702942804482038,2.5658073934560333e-16,10.0
687,1.9582115157090427,0.4270029768456028,9.702845775053994,2.565781735382099e-16,10.0
688,1.9581919335938855,0.4269987068158354,9.702748746596244,2.565756077564745e-16,10.0
689,1.9581723516745495,0.4269944368287683,9.702651719108777,2.5657304200039693e-16,10.0
690,1.9581527699510328,0.42699016688440106,9.702554692591587,2.5657047626997693e-16,10.0
691,1.9581331884233333,0.42698589698273326,9.70245766704466,2.5656791056521423e-16,10.0
692,1.958113607091449,0.4269816271237645,9.70236064246799,2.565653448861086e-16,10.0
693,1.9580940259553783,0.4269773573074943,9.702263618861565,2.5656277923265973e-16,10.0
694,1.9580744450151188,0.42697308753392227,9.702166596225377,2.565602136048674e-16,10.0
695,1.9580548642706688,0.42696881780304796,9.702069574559415,2.565576480027314e-16,10.0
696,1.958035283722026,0.426964548114871,9.70197255386367,2.565550824262514e-16,10.0
697,1.958015703369189,0.4269602784693909,9.70187553413813,2.565525168754271e-16,10.0
698,1.9579961232121552,0.42695600886660723,9.70177851538279,2.5654995135025836e-16,10.0
699,1.957976543250923,0.42695173930651964,9.701681497597637,2.5654738585074485e-16,10.0
700,1.9579569634854905,0.4269474697891276,9.70158448078266,2.5654482037688633e-16,10.0
701,1.9579373839158556,0.4269432003144308,9.701487464937852,2.5654225492868255e-16,10.0
702,1.9579178045420165,0.4269389308824287,9.701390450063203,2.5653968950613327e-16,10.0
703,1.957898225363971,0.4269346614931209,9.701293436158702,2.565371241092382e-16,10.0
704,1.9578786463817173,0.426930392146507,9.70119642322434,2.565345587379971e-16,10.0
705,1.9578590675952534,0.42692612284258663,9.701099411260108,2.5653199339240973e-16,10.0
706,1.9578394890045774,0.42692185358135926,9.701002400265995,2.565294280724758e-16,10.0
707,1.9578199106096874,0.4269175843628245,9.700905390241992,2.5652686277819507e-16,10.0
708,1.9578003324105813,0.42691331518698195,9.70080838118809,2.565242975095673e-16,10.0
709,1.9577807544072572,0.4269090460538311,9.700711373104278,2.565217322665922e-16,10.0
710,1.9577611765997132,0.42690477696337165,9.700614365990548,2.565191670492695e-16,10.0
711,1.9577415989879472,0.4269005079156031,9.700517359846888,2.56516601857599e-16,10.0
712,1.9577220215719573,0.42689623891052497,9.70042035467329,2.5651403669158044e-16,10.0
713,1.9577024443517417,0.42689196994813694,9.700323350469743,2.565114715512135e-16,10.0
714,1.9576828673272981,0.4268877010284385,9.700226347236239,2.56508906436498e-16,10.0
715,1.9576632904986249,0.42688343215142927,9.700129344972765,2.5650634134743366e-16,10.0
716,1.95764371386572,0.4268791633171088,9.700032343679316,2.565037762840202e-16,10.0
717,1.9576241374285812,0.42687489452547667,9.699935343355879,2.5650121124625735e-16,10.0
718,1.9576045611872068,0.42687062577653245,9.699838344002446,2.564986462341449e-16,10.0
719,1.957584985141595,0.42686635707027576,9.699741345619005,2.5649608124768257e-16,10.0
720,1.9575654092917436,0.4268620884067061,9.699644348205549,2.564935162868701e-16,10.0
721,1.9575458336376508,0.42685781978582304,9.699547351762067,2.564909513517072e-16,10.0
722,1.9575262581793145,0.42685355120762625,9.69945035628855,2.5648838644219373e-16,10.0
723,1.9575066829167327,0.4268492826721152,9.699353361784986,2.564858215583293e-16,10.0
724,1.9574871078499034,0.4268450141792895,9.699256368251369,2.564832567001137e-16,10.0
725,1.957467532978825,0.42684074572914876,9.699159375687687,2.564806918675467e-16,10.0
726,1.9574479583034952,0.4268364773216925,9.69906238409393,2.56478127060628e-16,10.0
727,1.9574283838239122,0.4268322089569203,9.698965393470088,2.564755622793574e-16,10.0
728,1.957408809540074,0.4268279406348318,9.698868403816153,2.564729975237346e-16,10.0
729,1.9573892354519784,0.4268236723554265,9.698771415132114,2.5647043279375935e-16,10.0
730,1.9573696615596239,0.426819404118704,9.698674427417963,2.5646786808943144e-16,10.0
731,1.9573500878630083,0.42681513592466386,9.698577440673688,2.5646530341075053e-16,10.0
732,1.9573305143621298,0.4268108677733057,9.698480454899281,2.564627387577164e-16,10.0
733,1.9573109410569862,0.42680659966462897,9.698383470094733,2.564601741303288e-16,10.0
734,1.9572913679475756,0.4268023315986334,9.69828648626003,2.5645760952858754e-16,10.0
735,1.9572717950338963,0.42679806357531846,9.698189503395168,2.5645504495249227e-16,10.0
736,1.9572522223159459,0.4267937955946838,9.698092521500135,2.5645248040204277e-16,10.0
737,1.9572326497937227,0.4267895276567289,9.697995540574919,2.5644991587723874e-16,10.0
738,1.9572130774672247,0.4267852597614534,9.697898560619514,2.5644735137808e-16,10.0
739,1.95719350533645,0.4267809919088568,9.697801581633907,2.564447869045662e-16,10.0
740,1.9571739334013967,0.4267767240989388,9.69770460361809,2.564422224566972e-16,10.0
741,1.9571543616620626,0.42677245633169886,9.697607626572054,2.5643965803447263e-16,10.0
742,1.957134790118446,0.4267681886071366,9.697510650495788,2.564370936378923e-16,10.0
743,1.9571152187705447,0.4267639209252516,9.697413675389283,2.564345292669559e-16,10.0
744,1.957095647618357,0.4267596532860434,9.697316701252529,2.5643196492166325e-16,10.0
745,1.9570760766618809,0.4267553856895116,9.697219728085516,2.5642940060201404e-16,10.0
746,1.9570565059011142,0.42675111813565575,9.697122755888236,2.5642683630800803e-16,10.0
747,1.9570369353360553,0.4267468506244754,9.697025784660678,2.5642427203964494e-16,10.0
748,1.957017364966702,0.42674258315597025,9.696928814402831,2.5642170779692455e-16,10.0
749,1.9569977947930524,0.42673831573013976,9.696831845114687,2.564191435798466e-16,10.0
750,1.9569782248151044,0.42673404834698353,9.696734876796237,2.564165793884108e-16,10.0
751,1.9569586550328564,0.4267297810065011,9.69663790944747,2.564140152226169e-16,10.0
752,1.956939085446306,0.4267255137086921,9.696540943068374,2.5641145108246467e-16,10.0
753,1.9569195160554516,0.4267212464535561,9.696443977658944,2.5640888696795386e-16,10.0
754,1.956899946860291,0.4267169792410926,9.696347013219167,2.564063228790842e-16,10.0
755,1.9568803778608224,0.42671271207130124,9.696250049749036,2.564037588158554e-16,10.0
756,1.9568608090570438,0.4267084449441816,9.696153087248538,2.5640119477826724e-16,10.0
757,1.9568412404489532,0.4267041778597332,9.696056125717666,2.5639863076631944e-16,10.0
758,1.9568216720365488,0.42669991081795566,9.69595916515641,2.563960667800118e-16,10.0
759,1.9568021038198284,0.42669564381884856,9.695862205564758,2.56393502819344e-16,10.0
760,1.9567825357987902,0.42669137686241143,9.695765246942702,2.563909388843158e-16,10.0
761,1.9567629679734322,0.42668710994864384,9.695668289290232,2.5638837497492695e-16,10.0
762,1.9567434003437525,0.4266828430775454,9.69557133260734,2.563858110911772e-16,10.0
763,1.9567238329097492,0.42667857624911565,9.695474376894014,2.563832472330663e-16,10.0
764,1.95670426567142,0.4266743094633542,9.695377422150244,2.5638068340059394e-16,10.0
765,1.9566846986287632,0.42667004272026066,9.695280468376023,2.5637811959375993e-16,10.0
766,1.956665131781777,0.4266657760198345,9.695183515571339,2.56375555812564e-16,10.0
767,1.956645565130459,0.42666150936207536,9.695086563736183,2.5637299205700586e-16,10.0
768,1.9566259986748078,0.4266572427469828,9.694989612870545,2.563704283270853e-16,10.0
769,1.9566064324148211,0.4266529761745564,9.694892662974416,2.56367864622802e-16,10.0
770,1.956586866350497,0.4266487096447957,9.694795714047787,2.563653009441558e-16,10.0
771,1.9565673004818336,0.4266444431577003,9.694698766090646,2.5636273729114635e-16,10.0
772,1.9565477348088287,0.42664017671326976,9.694601819102985,2.563601736637734e-16,10.0
773,1.9565281693314807,0.42663591031150366,9.694504873084794,2.563576100620368e-16,10.0
774,1.9565086040497874,0.4266316439524016,9.694407928036064,2.5635504648593616e-16,10.0
775,1.956489038963747,0.42662737763596315,9.694310983956784,2.563524829354713e-16,10.0
776,1.9564694740733575,0.42662311136218783,9.694214040846944,2.5634991941064195e-16,10.0
777,1.9564499093786167,0.4266188451310753,9.694117098706535,2.5634735591144787e-16,10.0
778,1.956430344879523,0.426614578942625,9.694020157535547,2.5634479243788876e-16,10.0
779,1.9564107805760742,0.42661031279683664,9.693923217333973,2.5634222898996437e-16,10.0
780,1.9563912164682684,0.4266060466937097,9.693826278101799,2.5633966556767447e-16,10.0
781,1.9563716525561037,0.42660178063324383,9.693729339839019,2.563371021710188e-16,10.0
782,1.9563520888395782,0.42659751461543854,9.69363240254562,2.563345387999971e-16,10.0
783,1.9563325253186898,0.42659324864029347,9.693535466221595,2.563319754546091e-16,10.0
784,1.9563129619934367,0.4265889827078081,9.693438530866933,2.5632941213485455e-16,10.0
785,1.9562933988638167,0.42658471681798205,9.693341596481625,2.563268488407332e-16,10.0
786,1.956273835929828,0.42658045097081493,9.693244663065661,2.563242855722448e-16,10.0
787,1.9562542731914687,0.42657618516630624,9.69314773061903,2.563217223293891e-16,10.0
788,1.9562347106487368,0.4265719194044556,9.693050799141723,2.563191591121658e-16,10.0
789,1.9562151483016303,0.4265676536852626,9.692953868633731,2.5631659592057466e-16,10.0
790,1.9561955861501474,0.4265633880087268,9.692856939095044,2.5631403275461544e-16,10.0
791,1.956176024194286,0.4265591223748477,9.692760010525653,2.563114696142879e-16,10.0
792,1.9561564624340442,0.42655485678362504,9.692663082925549,2.5630890649959176e-16,10.0
793,1.9561369008694198,0.42655059123505823,9.692566156294719,2.5630634341052676e-16,10.0
794,1.9561173395004112,0.4265463257291469,9.692469230633156,2.5630378034709264e-16,10.0
795,1.9560977783270161,0.42654206026589064,9.69237230594085,2.5630121730928915e-16,10.0
796,1.9560782173492328,0.42653779484528903,9.69227538221779,2.5629865429711605e-16,10.0
797,1.9560586565670592,0.42653352946734163,9.692178459463967,2.562960913105731e-16,10.0
798,1.9560390959804936,0.426529264132048,9.692081537679373,2.5629352834965997e-16,10.0
799,1.9560195355895338,0.42652499883940775,9.691984616863996,2.5629096541437645e-16,10.0
800,1.955999975394178,0.4265207335894204,9.691887697017828,2.5628840250472233e-16,10.0
801,1.955980415394424,0.42651646838208557,9.691790778140858,2.5628583962069727e-16,10.0
802,1.95596085559027,0.4265122032174028,9.691693860233077,2.5628327676230106e-16,10.0
803,1.9559412959817142,0.4265079380953717,9.691596943294474,2.562807139295334e-16,10.0
804,1.9559217365687545,0.4265036730159918,9.691500027325041,2.5627815112239414e-16,10.0
805,1.9559021773513887,0.42649940797926267,9.691403112324767,2.5627558834088293e-16,10.0
806,1.9558826183296152,0.42649514298518393,9.691306198293644,2.5627302558499954e-16,10.0
807,1.9558630595034319,0.4264908780337551,9.691209285231661,2.562704628547437e-16,10.0
808,1.9558435008728368,0.4264866131249758,9.69111237313881,2.5626790015011516e-16,10.0
809,1.955823942437828,0.4264823482588456,9.691015462015077,2.5626533747111366e-16,10.0
810,1.9558043841984036,0.4264780834353641,9.690918551860458,2.5626277481773895e-16,10.0
811,1.9557848261545616,0.42647381865453077,9.690821642674939,2.562602121899908e-16,10.0
812,1.9557652683063,0.4264695539163453,9.690724734458511,2.5625764958786887e-16,10.0
813,1.955745710653617,0.4264652892208072,9.690627827211166,2.56255087011373e-16,10.0
814,1.9557261531965104,0.426461024567916,9.690530920932893,2.5625252446050287e-16,10.0
815,1.9557065959349784,0.4264567599576714,9.690434015623683,2.5624996193525825e-16,10.0
816,1.955687038869019,0.42645249539007285,9.690337111283528,2.562473994356389e-16,10.0
817,1.9556674819986304,0.42644823086512,9.690240207912415,2.5624483696164455e-16,10.0
818,1.9556479253238104,0.4264439663828124,9.690143305510336,2.5624227451327492e-16,10.0
819,1.955628368844557,0.4264397019431496,9.69004640407728,2.562397120905298e-16,10.0
820,1.9556088125608686,0.4264354375461312,9.68994950361324,2.5623714969340893e-16,10.0
821,1.955589256472743,0.42643117319175683,9.689852604118204,2.5623458732191198e-16,10.0
822,1.9555697005801784,0.42642690888002593,9.689755705592164,2.5623202497603875e-16,10.0
823,1.9555501448831727,0.4264226446109382,9.689658808035109,2.56229462655789e-16,10.0
824,1.9555305893817239,0.42641838038449315,9.689561911447027,2.5622690036116245e-16,10.0
825,1.95551103407583,0.42641411620069036,9.689465015827913,2.5622433809215884e-16,10.0
826,1.9554914789654891,0.4264098520595294,9.689368121177756,2.562217758487779e-16,10.0
827,1.9554719240506995,0.42640558796100986,9.689271227496544,2.5621921363101946e-16,10.0
828,1.955452369331459,0.4264013239051313,9.68917433478427,2.5621665143888314e-16,10.0
829,1.9554328148077655,0.4263970598918933,9.68907744304092,2.5621408927236873e-16,10.0
830,1.9554132604796175,0.4263927959212954,9.68898055226649,2.5621152713147603e-16,10.0
831,1.9553937063470126,0.42638853199333726,9.688883662460967,2.562089650162047e-16,10.0
832,1.955374152409949,0.4263842681080184,9.688786773624342,2.5620640292655453e-16,10.0
833,1.9553545986684249,0.42638000426533834,9.688689885756606,2.562038408625253e-16,10.0
834,1.9553350451224383,0.42637574046529675,9.688592998857748,2.5620127882411666e-16,10.0
835,1.955315491771987,0.42637147670789316,9.68849611292776,2.561987168113284e-16,10.0
836,1.9552959386170694,0.42636721299312713,9.688399227966631,2.561961548241603e-16,10.0
837,1.9552763856576831,0.4263629493209983,9.688302343974351,2.5619359286261207e-16,10.0
838,1.9552568328938265,0.4263586856915061,9.688205460950911,2.5619103092668342e-16,10.0
839,1.9552372803254976,0.42635442210465024,9.688108578896301,2.561884690163742e-16,10.0
840,1.9552177279526943,0.42635015856043024,9.688011697810513,2.56185907131684e-16,10.0
841,1.9551981757754149,0.4263458950588457,9.687914817693535,2.561833452726127e-16,10.0
842,1.955178623793657,0.42634163159989613,9.687817938545358,2.5618078343915997e-16,10.0
843,1.955159072007419,0.4263373681835812,9.687721060365972,2.561782216313256e-16,10.0
844,1.955139520416699,0.4263331048099004,9.687624183155368,2.5617565984910925e-16,10.0
845,1.9551199690214949,0.42632884147885336,9.687527306913536,2.561730980925108e-16,10.0
846,1.9551004178218048,0.4263245781904396,9.687430431640466,2.561705363615299e-16,10.0
847,1.9550808668176265,0.4263203149446588,9.68733355733615,2.5616797465616625e-16,10.0
848,1.9550613160089583,0.4263160517415104,9.687236684000576,2.561654129764197e-16,10.0
849,1.955041765395798,0.426311788580994,9.687139811633736,2.561628513222899e-16,10.0
850,1.9550222149781442,0.42630752546310924,9.68704294023562,2.5616028969377667e-16,10.0
851,1.9550026647559944,0.42630326238785565,9.686946069806218,2.561577280908797e-16,10.0
852,1.9549831147293468,0.4262989993552328,9.68684920034552,2.561551665135988e-16,10.0
853,1.9549635648981996,0.4262947363652403,9.686752331853517,2.5615260496193367e-16,10.0
854,1.9549440152625506,0.4262904734178777,9.6866554643302,2.5615004343588404e-16,10.0
855,1.9549244658223979,0.4262862105131445,9.686558597775555,2.5614748193544966e-16,10.0
856,1.9549049165777397,0.42628194765104044,9.686461732189578,2.561449204606303e-16,10.0
857,1.954885367528574,0.426277684831565,9.686364867572255,2.5614235901142567e-16,10.0
858,1.9548658186748986,0.4262734220547177,9.68626800392358,2.5613979758783556e-16,10.0
859,1.954846270016712,0.4262691593204982,9.686171141243541,2.5613723618985967e-16,10.0
860,1.9548267215540118,0.42626489662890604,9.686074279532129,2.5613467481749775e-16,10.0
861,1.9548071732867962,0.4262606339799408,9.685977418789333,2.561321134707496e-16,10.0
862,1.9547876252150633,0.42625637137360206,9.685880559015146,2.5612955214961487e-16,10.0
863,1.9547680773388112,0.4262521088098894,9.685783700209557,2.5612699085409337e-16,10.0
864,1.9547485296580378,0.42624784628880236,9.685686842372554,2.561244295841848e-16,10.0
865,1.9547289821727412,0.4262435838103405,9.68558998550413,2.56121868339889e-16,10.0
866,1.9547094348829195,0.42623932137450343,9.685493129604275,2.561193071212056e-16,10.0
867,1.9546898877885706,0.4262350589812907,9.685396274672978,2.561167459281344e-16,10.0
868,1.9546703408896926,0.42623079663070196,9.685299420710232,2.561141847606751e-16,10.0
869,1.9546507941862836,0.4262265343227367,9.685202567716024,2.561116236188275e-16,10.0
870,1.9546312476783418,0.42622227205739455,9.685105715690346,2.561090625025913e-16,10.0
871,1.954611701365865,0.426218009834675,9.68500886463319,2.561065014119663e-16,10.0
872,1.9545921552488514,0.4262137476545777,9.684912014544544,2.5610394034695216e-16,10.0
873,1.954572609327299,0.4262094855171022,9.684815165424398,2.561013793075487e-16,10.0
874,1.9545530636012058,0.4262052234222481,9.684718317272743,2.560988182937556e-16,10.0
875,1.9545335180705699,0.4262009613700149,9.68462147008957,2.560962573055727e-16,10.0
876,1.954513972735389,0.4261966993604022,9.68452462387487,2.5609369634299966e-16,10.0
877,1.9544944275956617,0.4261924373934097,9.684427778628631,2.5609113540603625e-16,10.0
878,1.9544748826513858,0.4261881754690368,9.684330934350845,2.560885744946822e-16,10.0
879,1.9544553379025593,0.4261839135872832,9.684234091041501,2.5608601360893724e-16,10.0
880,1.9544357933491803,0.42617965174814837,9.68413724870059,2.5608345274880114e-16,10.0
881,1.9544162489912469,0.42617538995163196,9.684040407328103,2.5608089191427364e-16,10.0
882,1.954396704828757,0.4261711281977335,9.68394356692403,2.560783311053545e-16,10.0
883,1.9543771608617087,0.4261668664864526,9.683846727488362,2.5607577032204343e-16,10.0
884,1.9543576170901,0.4261626048177888,9.683749889021087,2.5607320956434023e-16,10.0
885,1.954338073513929,0.4261583431917417,9.683653051522196,2.560706488322446e-16,10.0
886,1.954318530133194,0.4261540816083108,9.68355621499168,2.5606808812575626e-16,10.0
887,1.9542989869478926,0.4261498200674958,9.68345937942953,2.56065527444875e-16,10.0
888,1.954279443958023,0.42614555856929615,9.683362544835736,2.5606296678960055e-16,10.0
889,1.9542599011635835,0.4261412971137115,9.683265711210288,2.5606040615993263e-16,10.0
890,1.9542403585645718,0.4261370357007414,9.683168878553175,2.5605784555587104e-16,10.0
891,1.9542208161609862,0.42613277433038543,9.683072046864389,2.560552849774155e-16,10.0
892,1.9542012739528245,0.42612851300264315,9.68297521614392,2.560527244245657e-16,10.0
893,1.954181731940085,0.42612425171751417,9.682878386391758,2.5605016389732146e-16,10.0
894,1.9541621901227655,0.42611999047499804,9.682781557607894,2.560476033956825e-16,10.0
895,1.9541426485008642,0.42611572927509433,9.682684729792319,2.5604504291964856e-16,10.0
896,1.9541231070743792,0.42611146811780265,9.682587902945022,2.5604248246921935e-16,10.0
897,1.9541035658433084,0.42610720700312255,9.682491077065992,2.5603992204439465e-16,10.0
898,1.9540840248076499,0.4261029459310536,9.682394252155222,2.560373616451742e-16,10.0
899,1.9540644839674017,0.4260986849015953,9.6822974282127,2.5603480127155776e-16,10.0
900,1.954044943322562,0.42609442391474733,9.682200605238418,2.5603224092354503e-16,10.0
901,1.9540254028731288,0.4260901629705092,9.682103783232366,2.5602968060113577e-16,10.0
902,1.9540058626191,0.4260859020688806,9.682006962194533,2.560271203043298e-16,10.0
903,1.9539863225604737,0.4260816412098609,9.681910142124911,2.560245600331267e-16,10.0
904,1.953966782697248,0.4260773803934499,9.68181332302349,2.560219997875264e-16,10.0
905,1.9539472430294211,0.426073119619647,9.681716504890261,2.560194395675285e-16,10.0
906,1.9539277035569909,0.42606885888845186,9.681619687725211,2.5601687937313285e-16,10.0
907,1.9539081642799554,0.42606459819986403,9.681522871528335,2.560143192043391e-16,10.0
908,1.9538886251983125,0.42606033755388306,9.68142605629962,2.560117590611471e-16,10.0
909,1.9538690863120605,0.42605607695050857,9.681329242039057,2.560091989435565e-16,10.0
910,1.9538495476211974,0.4260518163897401,9.681232428746636,2.5600663885156703e-16,10.0
911,1.9538300091257212,0.4260475558715773,9.681135616422349,2.5600407878517854e-16,10.0
912,1.95381047082563,0.4260432953960196,9.681038805066185,2.560015187443907e-16,10.0
913,1.9537909327209217,0.42603903496306667,9.680941994678134,2.5599895872920327e-16,10.0
914,1.9537713948115945,0.4260347745727181,9.680845185258187,2.5599639873961595e-16,10.0
915,1.9537518570976464,0.4260305142249734,9.680748376806335,2.5599383877562856e-16,10.0
916,1.9537323195790754,0.4260262539198322,9.680651569322567,2.559912788372408e-16,10.0
917,1.9537127822558797,0.42602199365729404,9.680554762806874,2.5598871892445243e-16,10.0
918,1.953693245128057,0.4260177334373585,9.680457957259247,2.559861590372632e-16,10.0
919,1.9536737081956057,0.42601347326002514,9.680361152679675,2.559835991756728e-16,10.0
920,1.9536541714585238,0.4260092131252936,9.680264349068148,2.5598103933968105e-16,10.0
921,1.9536346349168092,0.4260049530331634,9.680167546424657,2.5597847952928763e-16,10.0
922,1.9536150985704601,0.4260006929836341,9.680070744749193,2.5597591974449236e-16,10.0
923,1.9535955624194745,0.4259964329767053,9.679973944041745,2.5597335998529493e-16,10.0
924,1.9535760264638504,0.4259921730123766,9.679877144302305,2.559708002516951e-16,10.0
925,1.9535564907035858,0.4259879130906475,9.679780345530862,2.5596824054369257e-16,10.0
926,1.9535369551386788,0.4259836532115176,9.679683547727407,2.5596568086128715e-16,10.0
927,1.9535174197691274,0.4259793933749865,9.67958675089193,2.5596312120447854e-16,10.0
928,1.9534978845949298,0.4259751335810538,9.67948995502442,2.559605615732665e-16,10.0
929,1.953478349616084,0.42597087382971904,9.67939316012487,2.5595800196765076e-16,10.0
930,1.9534588148325878,0.4259666141209818,9.67929636619327,2.559554423876311e-16,10.0
931,1.9534392802444394,0.42596235445484165,9.679199573229608,2.5595288283320723e-16,10.0
932,1.953419745851637,0.42595809483129815,9.679102781233876,2.5595032330437887e-16,10.0
933,1.9534002116541784,0.4259538352503509,9.679005990206063,2.5594776380114585e-16,10.0
934,1.953380677652062,0.42594957571199943,9.67890920014616,2.559452043235078e-16,10.0
935,1.9533611438452854,0.4259453162162434,9.678812411054158,2.5594264487146457e-16,10.0
936,1.953341610233847,0.42594105676308225,9.678715622930048,2.5594008544501587e-16,10.0
937,1.9533220768177446,0.42593679735251566,9.678618835773818,2.559375260441614e-16,10.0
938,1.9533025435969764,0.42593253798454317,9.67852204958546,2.5593496666890096e-16,10.0
939,1.9532830105715404,0.4259282786591644,9.678425264364964,2.5593240731923426e-16,10.0
940,1.9532634777414346,0.42592401937637886,9.67832848011232,2.5592984799516107e-16,10.0
941,1.9532439451066572,0.42591976013618615,9.678231696827519,2.5592728869668113e-16,10.0
942,1.9532244126672063,0.4259155009385858,9.67813491451055,2.5592472942379416e-16,10.0
943,1.9532048804230795,0.4259112417835775,9.678038133161406,2.559221701764999e-16,10.0
944,1.9531853483742752,0.42590698267116067,9.677941352780074,2.5591961095479814e-16,10.0
945,1.9531658165207915,0.425902723601335,9.677844573366546,2.559170517586886e-16,10.0
946,1.9531462848626262,0.4258984645741001,9.677747794920812,2.55914492588171e-16,10.0
947,1.9531267533997776,0.4258942055894554,9.677651017442862,2.559119334432451e-16,10.0
948,1.9531072221322436,0.42588994664740054,9.677554240932688,2.5590937432391067e-16,10.0
949,1.9530876910600223,0.4258856877479351,9.677457465390278,2.559068152301674e-16,10.0
950,1.9530681601831117,0.4258814288910587,9.677360690815624,2.559042561620151e-16,10.0
951,1.95304862950151,0.42587717007677084,9.677263917208716,2.5590169711945347e-16,10.0
952,1.9530290990152148,0.4258729113050711,9.677167144569545,2.558991381024823e-16,10.0
953,1.9530095687242246,0.4258686525759591,9.677070372898099,2.558965791111013e-16,10.0
954,1.9529900386285373,0.42586439388943437,9.67697360219437,2.5589402014531017e-16,10.0
955,1.952970508728151,0.42586013524549654,9.676876832458348,2.558914612051087e-16,10.0
956,1.9529509790230637,0.42585587664414515,9.676780063690023,2.558889022904967e-16,10.0
957,1.9529314495132735,0.42585161808537975,9.676683295889386,2.558863434014738e-16,10.0
958,1.9529119201987784,0.42584735956919995,9.676586529056427,2.558837845380398e-16,10.0
959,1.9528923910795764,0.4258431010956053,9.676489763191137,2.558812257001944e-16,10.0
960,1.9528728621556655,0.4258388426645954,9.676392998293505,2.5587866688793744e-16,10.0
961,1.952853333427044,0.42583458427616977,9.676296234363521,2.5587610810126854e-16,10.0
962,1.9528338048937097,0.42583032593032805,9.676199471401178,2.5587354934018753e-16,10.0
963,1.9528142765556609,0.4258260676270698,9.676102709406464,2.558709906046941e-16,10.0
964,1.9527947484128954,0.4258218093663946,9.67600594837937,2.5586843189478807e-16,10.0
965,1.9527752204654112,0.42581755114830194,9.675909188319887,2.5586587321046914e-16,10.0
966,1.9527556927132066,0.4258132929727915,9.675812429228003,2.55863314551737e-16,10.0
967,1.9527361651562796,0.4258090348398628,9.675715671103712,2.558607559185915e-16,10.0
968,1.952716637794628,0.42580477674951545,9.675618913947,2.558581973110323e-16,10.0
969,1.95269711062825,0.425800518701749,9.675522157757861,2.558556387290592e-16,10.0
970,1.9526775836571437,0.425796260696563,9.675425402536284,2.5585308017267193e-16,10.0
971,1.9526580568813072,0.42579200273395706,9.675328648282258,2.558505216418702e-16,10.0
972,1.9526385303007383,0.4257877448139308,9.675231894995775,2.558479631366538e-16,10.0
973,1.9526190039154352,0.4257834869364837,9.675135142676826,2.5584540465702245e-16,10.0
974,1.952599477725396,0.4257792291016154,9.6750383913254,2.5584284620297587e-16,10.0
975,1.9525799517306188,0.42577497130932546,9.674941640941487,2.558402877745138e-16,10.0
976,1.9525604259311016,0.42577071355961343,9.674844891525078,2.5583772937163605e-16,10.0
977,1.9525409003268424,0.4257664558524789,9.674748143076163,2.558351709943423e-16,10.0
978,1.9525213749178392,0.42576219818792144,9.674651395594733,2.558326126426324e-16,10.0
979,1.95250184970409,0.42575794056594063,9.674554649080777,2.5583005431650596e-16,10.0
980,1.952482324685593,0.42575368298653604,9.674457903534286,2.558274960159628e-16,10.0
981,1.952462799862346,0.42574942544970723,9.67436115895525,2.558249377410026e-16,10.0
982,1.9524432752343475,0.42574516795545375,9.67426441534366,2.558223794916252e-16,10.0
983,1.9524237508015951,0.4257409105037752,9.674167672699507,2.558198212678303e-16,10.0
984,1.952404226564087,0.42573665309467124,9.674070931022781,2.558172630696176e-16,10.0
985,1.9523847025218215,0.4257323957281413,9.673974190313471,2.558147048969869e-16,10.0
986,1.9523651786747962,0.42572813840418505,9.673877450571569,2.558121467499379e-16,10.0
987,1.9523456550230094,0.4257238811228021,9.673780711797063,2.558095886284704e-16,10.0
988,1.952326131566459,0.42571962388399187,9.673683973989945,2.558070305325841e-16,10.0
989,1.9523066083051435,0.42571536668775406,9.673587237150205,2.5580447246227876e-16,10.0
990,1.9522870852390604,0.42571110953408825,9.673490501277833,2.5580191441755415e-16,10.0
991,1.952267562368208,0.42570685242299394,9.67339376637282,2.5579935639841e-16,10.0
992,1.9522480396925843,0.42570259535447075,9.673297032435157,2.55796798404846e-16,10.0
993,1.9522285172121874,0.4256983383285182,9.673200299464833,2.55794240436862e-16,10.0
994,1.9522089949270152,0.425694081345136,9.673103567461839,2.557916824944576e-16,10.0
995,1.952189472837066,0.42568982440432357,9.673006836426165,2.5578912457763265e-16,10.0
996,1.9521699509423376,0.42568556750608055,9.6729101063578,2.557865666863869e-16,10.0
997,1.9521504292428282,0.42568131065040654,9.672813377256738,2.5578400882072005e-16,10.0
998,1.9521309077385358,0.4256770538373011,9.672716649122965,2.5578145098063183e-16,10.0
999,1.9521113864294584,0.42567279706676375,9.672619921956473,2.5577889316612203e-16,10.0
