,EX_A_sp1,EX_B_sp1,EX_A_sp2,EX_B_sp2
0,-0.9708776,-0.34395468,-0.5889221,-0.8352388
1,-0.9840237,-0.35634553,-0.58330804,-0.8227975
2,-0.9892114,-0.3555483,-0.57649827,-0.84211963
3,-0.96917415,-0.35783613,-0.591833,-0.8349745
4,-0.9747209,-0.36721116,-0.57224673,-0.84567386
5,-0.9772308,-0.3430412,-0.5664824,-0.83043313
6,-0.9811228,-0.3614268,-0.5767071,-0.84031475
7,-0.96976566,-0.3568081,-0.59527147,-0.8494963
8,-0.9774713,-0.34882116,-0.5847311,-0.848081
9,-0.9830222,-0.3511179,-0.5951049,-0.82008487
10,-0.9817748,-0.3365618,-0.5776873,-0.8283895
11,-0.96437657,-0.34904352,-0.578055,-0.85892016
12,-0.97558445,-0.35924137,-0.5710982,-0.86512077
13,-0.9648375,-0.35321206,-0.5678453,-0.8414399
14,-0.9711036,-0.3379137,-0.571619,-0.84396666
15,-0.98796606,-0.3525368,-0.5641881,-0.8495075
16,-0.9895727,-0.33590716,-0.58975244,-0.8309734
17,-0.9641268,-0.35863155,-0.59356415,-0.84249985
18,-0.97476256,-0.35481647,-0.58948004,-0.848105
19,-0.97165054,-0.3444559,-0.5745651,-0.84865785
20,-0.9799509,-0.36751935,-0.5894013,-0.8552478
21,-0.9797348,-0.35519147,-0.5879171,-0.8309076
22,-0.9979806,-0.3511237,-0.5840091,-0.8470866
23,-0.9729421,-0.3535889,-0.59785676,-0.8365667
24,-0.9828666,-0.3483479,-0.56753606,-0.84823406
25,-0.9866738,-0.35700345,-0.5688082,-0.8311258
26,-0.98051685,-0.34955618,-0.5875027,-0.85827154
27,-0.9833488,-0.37248686,-0.5849693,-0.83783454
28,-0.9863316,-0.3517479,-0.58551055,-0.8402561
29,-0.9689287,-0.36483452,-0.5840352,-0.8314519
30,-0.9783188,-0.3452005,-0.59243244,-0.840138
31,-0.96664655,-0.35125247,-0.586175,-0.84254366
32,-0.98829347,-0.33544815,-0.58733785,-0.8358008
33,-0.98289686,-0.3395017,-0.5900068,-0.8568488
34,-0.9951042,-0.3296228,-0.5966862,-0.8364561
35,-0.9694228,-0.36298534,-0.59503275,-0.84627867
36,-0.99274397,-0.37333092,-0.5943791,-0.85034156
37,-0.97401476,-0.34850097,-0.5919064,-0.84372854
38,-0.97888386,-0.36458254,-0.58691984,-0.83776766
39,-0.9727249,-0.34834892,-0.5782418,-0.8489412
40,-0.97771734,-0.33437842,-0.58284813,-0.8532915
41,-0.9835163,-0.3619159,-0.58070594,-0.8491198
42,-0.97095543,-0.34178984,-0.58530015,-0.84912264
43,-0.9903496,-0.35560456,-0.5769362,-0.8385907
44,-0.98951834,-0.3539127,-0.56710875,-0.84493196
45,-0.9739877,-0.3632799,-0.5868666,-0.8330937
46,-0.9774016,-0.3700654,-0.5830634,-0.8389326
47,-0.97389233,-0.36152846,-0.57808644,-0.85272175
48,-0.9682572,-0.3518729,-0.5829075,-0.8314028
49,-0.97237444,-0.3419875,-0.5843605,-0.8293794
50,-0.97124684,-0.3442951,-0.5687514,-0.8279921
51,-0.98615015,-0.36518154,-0.5710065,-0.8430028
52,-0.9701439,-0.34427503,-0.6019308,-0.8590338
53,-0.97716534,-0.35091594,-0.5823232,-0.8480446
54,-0.965672,-0.3507222,-0.57722825,-0.86080587
55,-0.96764874,-0.36672285,-0.572263,-0.8685233
56,-0.9740899,-0.35665417,-0.57072437,-0.8512455
57,-0.979666,-0.36850953,-0.58514804,-0.84915054
58,-0.9868716,-0.3442168,-0.59316766,-0.84381753
59,-0.97439617,-0.34584758,-0.5815808,-0.8431106
60,-0.9876309,-0.34846294,-0.5834197,-0.8551895
61,-0.97298527,-0.3537582,-0.57836056,-0.83681417
62,-0.9773723,-0.34826958,-0.5949418,-0.8244174
63,-0.99528503,-0.35648918,-0.59855133,-0.83589715
64,-0.9749836,-0.34978288,-0.5906662,-0.8519127
65,-0.97441024,-0.344166,-0.5508812,-0.84732574
66,-0.98476875,-0.36860916,-0.5932365,-0.8397142
67,-0.98235154,-0.3538402,-0.5855387,-0.84541583
68,-0.9736379,-0.35656774,-0.59360546,-0.84413207
69,-0.9798318,-0.33033758,-0.594182,-0.8400941
70,-0.9806341,-0.35848373,-0.5865925,-0.84630716
71,-0.981873,-0.34022713,-0.59220064,-0.83864623
72,-0.9812356,-0.3602231,-0.6005755,-0.84413236
73,-0.97946364,-0.36341032,-0.57339454,-0.85374355
74,-0.96780974,-0.3403827,-0.6017654,-0.83985
75,-0.97103506,-0.35238886,-0.57556075,-0.8362663
76,-0.983546,-0.3403012,-0.58219254,-0.83678293
77,-0.97376686,-0.34237796,-0.58693945,-0.854427
78,-0.9865069,-0.34499422,-0.59717894,-0.8454807
79,-0.97617,-0.35640493,-0.5875031,-0.8583312
80,-0.9832822,-0.3408852,-0.58790576,-0.82685345
81,-0.97585076,-0.32607663,-0.5699868,-0.8385206
82,-0.96655405,-0.3463058,-0.5907053,-0.8453891
83,-0.9743873,-0.3531676,-0.5926939,-0.8592571
84,-0.9813672,-0.35244262,-0.5825616,-0.83461183
85,-0.9827929,-0.3400452,-0.59370786,-0.8394095
86,-0.98104423,-0.35112277,-0.5591268,-0.82260656
87,-0.9771762,-0.34177244,-0.5771137,-0.84395146
88,-0.9821224,-0.33119476,-0.5847679,-0.8388894
89,-0.97744757,-0.33457613,-0.56549966,-0.83332634
90,-0.97992814,-0.36859888,-0.5934643,-0.8530641
91,-0.9726443,-0.35473332,-0.5952108,-0.8489536
92,-0.9798615,-0.34014514,-0.60222137,-0.8330867
93,-0.9952203,-0.3621589,-0.5953799,-0.82947475
94,-0.9742257,-0.3600266,-0.58337593,-0.84441996
95,-0.97594655,-0.3412729,-0.573814,-0.83217865
96,-0.9824351,-0.355655,-0.5903605,-0.85351944
97,-0.98042136,-0.33351728,-0.58084446,-0.8490531
98,-0.97770965,-0.3611328,-0.57909644,-0.8363401
99,-0.9835356,-0.34185722,-0.5963878,-0.8406811
100,-0.9824963,-0.35295042,-0.5929869,-0.8435082
101,-0.9877599,-0.35411617,-0.59224236,-0.83446604
102,-0.98618263,-0.343352,-0.5728517,-0.8391225
103,-0.9808218,-0.33738625,-0.568418,-0.8524292
104,-0.9660244,-0.34106013,-0.5957066,-0.8349201
105,-0.97914165,-0.36439165,-0.57805294,-0.847573
106,-0.97755426,-0.34998918,-0.5723575,-0.83588624
107,-0.9761503,-0.3548991,-0.5756362,-0.85627687
108,-0.9762026,-0.34522846,-0.5821123,-0.8473701
109,-0.9761382,-0.35578838,-0.57584536,-0.843054
110,-0.97477907,-0.35899624,-0.5906872,-0.8449135
111,-0.9713481,-0.34313554,-0.5888263,-0.85377574
112,-0.9708462,-0.35765833,-0.59641075,-0.8554338
113,-1.0005302,-0.3490446,-0.58639723,-0.83570033
114,-0.97001886,-0.3392249,-0.57630736,-0.8495459
115,-0.9640457,-0.34169543,-0.58610886,-0.848694
116,-0.98427856,-0.35397574,-0.57359844,-0.8584885
117,-0.97989637,-0.33604273,-0.59441614,-0.8400835
118,-0.99280846,-0.35537156,-0.5786445,-0.8512076
119,-0.9663009,-0.35765672,-0.5868474,-0.8327834
120,-0.964737,-0.3625718,-0.5935354,-0.839013
121,-0.9863271,-0.3593983,-0.586237,-0.8427148
122,-0.97860885,-0.34179693,-0.5788567,-0.85554224
123,-0.995573,-0.332436,-0.5785235,-0.8500827
124,-0.9797539,-0.35314637,-0.5996802,-0.85608035
125,-0.9786083,-0.3255776,-0.57227355,-0.8545481
126,-0.9766771,-0.35395527,-0.5829674,-0.83988476
127,-0.9801366,-0.3635089,-0.5832498,-0.84336114
128,-0.9638137,-0.35305077,-0.60486835,-0.8299199
129,-0.95961875,-0.3459524,-0.5875367,-0.8413598
130,-0.98459053,-0.34046555,-0.59453017,-0.8457109
131,-0.9755452,-0.36531383,-0.59556234,-0.86133164
132,-0.9762682,-0.35242075,-0.5687454,-0.83984625
133,-0.9837591,-0.34878808,-0.5950455,-0.8452412
134,-0.9783078,-0.34072575,-0.59986997,-0.84852546
135,-0.98621494,-0.34133992,-0.5765996,-0.8336861
136,-0.98897594,-0.34483,-0.5985899,-0.8321245
137,-0.97335374,-0.34692347,-0.580377,-0.8343179
138,-0.9904405,-0.36341983,-0.58507854,-0.8369537
139,-0.9646901,-0.3604966,-0.5844949,-0.8392639
140,-0.95257974,-0.3452167,-0.5802927,-0.83637893
141,-0.9812023,-0.35243866,-0.585167,-0.84168774
142,-0.9861011,-0.350319,-0.5865058,-0.8318148
143,-0.9648236,-0.3560745,-0.5873632,-0.8397828
144,-0.9661156,-0.36001796,-0.57690984,-0.8402474
145,-0.9832528,-0.35465953,-0.58213955,-0.8304892
146,-0.9894808,-0.34011364,-0.58270055,-0.8385411
147,-0.9786401,-0.34631315,-0.59517866,-0.84205127
148,-0.96492463,-0.3439958,-0.5764721,-0.85075426
149,-0.9567981,-0.33927578,-0.5940724,-0.84973973
150,-0.9918215,-0.36623698,-0.5746086,-0.83177054
151,-0.9804716,-0.35649925,-0.5886993,-0.8379571
152,-0.96823674,-0.34073552,-0.589919,-0.8436113
153,-0.9712822,-0.35780847,-0.5984255,-0.8738937
154,-0.9771079,-0.3625804,-0.590946,-0.866523
155,-0.9760338,-0.3540083,-0.5843297,-0.831517
156,-0.9694027,-0.36276606,-0.5895568,-0.8420537
157,-0.9739782,-0.34589437,-0.5906154,-0.84440595
158,-0.9768113,-0.34566665,-0.59881616,-0.8342588
159,-0.9808324,-0.35022697,-0.5920902,-0.8424484
160,-0.9693272,-0.35146958,-0.59397846,-0.8332248
161,-0.97547483,-0.34039629,-0.6010119,-0.830072
162,-0.97082245,-0.34892115,-0.58643913,-0.8598174
163,-0.9724247,-0.3415768,-0.5911207,-0.85298383
164,-0.98561704,-0.34407914,-0.5700938,-0.8482476
165,-0.98188907,-0.36306858,-0.59139013,-0.8383264
166,-0.9962412,-0.35739812,-0.5778198,-0.8421653
167,-0.99739844,-0.32537183,-0.58289045,-0.8257246
168,-0.9730172,-0.35514846,-0.5953178,-0.8532302
169,-0.99582314,-0.36456484,-0.5901406,-0.8340524
170,-0.98458374,-0.35027584,-0.5819645,-0.8543918
171,-0.98779297,-0.36754635,-0.5984633,-0.8480386
172,-0.97937864,-0.3470106,-0.59614325,-0.8445803
173,-0.98945844,-0.3465437,-0.5987149,-0.8274448
174,-0.99272525,-0.35869694,-0.5955529,-0.82850635
175,-0.9540632,-0.3480614,-0.5888003,-0.84894574
176,-0.97172135,-0.33524075,-0.58367443,-0.8521584
177,-0.9818587,-0.33969074,-0.5890005,-0.82984895
178,-0.97933096,-0.3435227,-0.59546006,-0.84847695
179,-0.97795105,-0.35472876,-0.58975124,-0.8454882
180,-0.9695772,-0.34832683,-0.5847687,-0.84846926
181,-0.963822,-0.3482227,-0.58715504,-0.8222164
182,-0.96921253,-0.36731988,-0.55943763,-0.86290187
183,-0.970664,-0.3532506,-0.5927753,-0.84898263
184,-0.9889022,-0.35155067,-0.57785034,-0.8397492
185,-0.9731134,-0.35249814,-0.5847919,-0.8476481
186,-0.96359545,-0.36256257,-0.5817169,-0.8727279
187,-0.9715091,-0.361654,-0.57260364,-0.84381026
188,-0.9910853,-0.34207553,-0.60226554,-0.83574086
189,-0.97627586,-0.34434342,-0.60126466,-0.8503793
190,-0.9753285,-0.33891267,-0.60065114,-0.83907026
191,-0.96856153,-0.34835994,-0.5857842,-0.8492718
192,-0.97381914,-0.34744498,-0.592343,-0.8414053
193,-0.9917621,-0.3442603,-0.5869146,-0.8396271
194,-0.9953477,-0.3459572,-0.5790213,-0.85312325
195,-0.9851338,-0.3627606,-0.58976847,-0.8510385
196,-0.9687308,-0.34196678,-0.6042963,-0.8409991
197,-0.99542135,-0.3602761,-0.5976578,-0.8289853
198,-0.9875016,-0.34278122,-0.5898233,-0.83724356
199,-0.9867205,-0.32906094,-0.5936605,-0.8460862
200,-0.9774735,-0.34668255,-0.57930475,-0.86491716
201,-0.9852232,-0.35054922,-0.5827343,-0.84074
202,-0.97653544,-0.34415632,-0.5849448,-0.8364544
203,-0.97646534,-0.37210983,-0.5871953,-0.84648275
204,-0.99473315,-0.3374394,-0.5882638,-0.85390383
205,-0.96572447,-0.352825,-0.6044258,-0.8561535
206,-0.98127574,-0.3500043,-0.5746781,-0.83843523
207,-0.98855495,-0.34416717,-0.57624084,-0.85257614
208,-0.97524893,-0.35823342,-0.5743784,-0.83594394
209,-0.9798459,-0.3786932,-0.5700363,-0.8351839
210,-0.964177,-0.34846961,-0.5840734,-0.84301287
211,-0.9881607,-0.3522805,-0.5824516,-0.8570216
212,-0.98710245,-0.3479583,-0.59273386,-0.8534169
213,-0.97598284,-0.34669936,-0.58061063,-0.83957803
214,-0.9798519,-0.34964642,-0.61358535,-0.83681715
215,-0.9795961,-0.34413108,-0.5959406,-0.8405915
216,-0.95839584,-0.33678228,-0.5777068,-0.84540385
217,-0.97248685,-0.3503594,-0.57355917,-0.8439964
218,-0.9742566,-0.35016683,-0.6071691,-0.8454712
219,-0.9674595,-0.34293333,-0.55414104,-0.847469
220,-0.9802604,-0.33457583,-0.5825739,-0.8401951
221,-0.98370636,-0.3537875,-0.57558185,-0.859494
222,-0.961485,-0.3490555,-0.5890907,-0.84750265
223,-0.9823506,-0.3454569,-0.57471424,-0.8456392
224,-0.9775181,-0.36031863,-0.5730528,-0.8402363
225,-0.972857,-0.32989967,-0.5811738,-0.85799015
226,-0.98711413,-0.35598624,-0.5731461,-0.8486842
227,-0.97710556,-0.35492438,-0.5929625,-0.83392847
228,-0.97600687,-0.35064882,-0.5876648,-0.8441778
229,-0.97618556,-0.35604593,-0.5969681,-0.84624106
230,-0.9697585,-0.33375418,-0.58443457,-0.8599256
231,-0.96879154,-0.37175348,-0.59123284,-0.84965914
232,-0.9720969,-0.3477059,-0.58236486,-0.84589356
233,-0.99683946,-0.34414682,-0.5936424,-0.8513198
234,-0.984738,-0.3501323,-0.5946757,-0.8679926
235,-0.97150105,-0.34917367,-0.58445984,-0.827386
236,-0.9660804,-0.35807937,-0.5794856,-0.8215505
237,-0.9873143,-0.33646935,-0.60438573,-0.8516535
238,-0.95442086,-0.3635274,-0.5987674,-0.8431116
239,-0.9778355,-0.34217146,-0.57407844,-0.8405679
240,-0.978184,-0.34273604,-0.57667196,-0.8337595
241,-0.97673017,-0.35727328,-0.5942416,-0.86126405
242,-0.9868435,-0.35051867,-0.5907998,-0.85205346
243,-0.9756559,-0.34813938,-0.58984286,-0.8446456
244,-0.98773026,-0.3365895,-0.57853234,-0.8456794
245,-0.9801758,-0.34044445,-0.59334886,-0.84792316
246,-0.9730719,-0.3296901,-0.5723908,-0.85454875
247,-0.98153996,-0.35028177,-0.57498777,-0.8359364
248,-0.99073803,-0.32452682,-0.57539797,-0.8429343
249,-0.9842544,-0.3551278,-0.58868676,-0.8428181
250,-0.9654154,-0.3472993,-0.5910112,-0.8458922
251,-0.98331684,-0.34760755,-0.5808208,-0.8553483
252,-0.9620443,-0.32766715,-0.5852261,-0.83696866
253,-0.9844839,-0.3407051,-0.58570296,-0.83422226
254,-0.970191,-0.34727046,-0.6064937,-0.8315686
255,-0.9685289,-0.33036485,-0.5983657,-0.82927823
256,-0.9913425,-0.3504069,-0.57496554,-0.85448074
257,-0.95901054,-0.32709843,-0.581802,-0.8293993
258,-0.97238725,-0.383334,-0.5943753,-0.84765005
259,-0.983103,-0.36288294,-0.5958846,-0.84711665
260,-0.97606367,-0.35425407,-0.5868079,-0.84054166
261,-0.9646982,-0.3563016,-0.5911186,-0.8605585
262,-0.9887931,-0.3593457,-0.59137356,-0.8302501
263,-0.9667567,-0.36173108,-0.6008059,-0.8474429
264,-0.9906746,-0.3262723,-0.5923759,-0.86169815
265,-0.9782535,-0.34206086,-0.5920585,-0.83389467
266,-0.9624179,-0.34274733,-0.5883707,-0.8614452
267,-0.98025215,-0.3547805,-0.58711326,-0.83381486
268,-0.98702186,-0.33412758,-0.57609284,-0.8594907
269,-0.9753617,-0.34171098,-0.5878776,-0.8456894
270,-0.96002346,-0.34798285,-0.585415,-0.8308998
271,-0.97750384,-0.3534207,-0.5845944,-0.8379409
272,-0.9677456,-0.36117047,-0.5899879,-0.8410502
273,-0.9715819,-0.33993727,-0.5759568,-0.8540384
274,-0.9775861,-0.33989444,-0.5938138,-0.8443753
275,-0.983643,-0.33819285,-0.58240235,-0.8543322
276,-0.9747586,-0.3401229,-0.58621,-0.8471965
277,-0.9910082,-0.33381,-0.58487445,-0.862279
278,-0.97010237,-0.36298707,-0.590801,-0.8542385
279,-0.9953466,-0.3440943,-0.5858936,-0.82669467
280,-0.97345847,-0.35970485,-0.5782064,-0.86530757
281,-0.9910423,-0.3502178,-0.5932959,-0.83529496
282,-0.96327186,-0.36088398,-0.5842254,-0.84149617
283,-0.9764213,-0.3391195,-0.5740129,-0.8567916
284,-0.9934978,-0.33628118,-0.5805149,-0.8274755
285,-0.98583525,-0.32849595,-0.58085537,-0.8456599
286,-0.989432,-0.358662,-0.59575635,-0.8426123
287,-0.9874347,-0.33981434,-0.5817305,-0.83518904
288,-0.9858311,-0.34968394,-0.58079505,-0.84040636
289,-1.0036561,-0.36297253,-0.5891618,-0.86364436
290,-0.9797306,-0.33723184,-0.590853,-0.8517091
291,-0.9887902,-0.35878098,-0.5834165,-0.83478695
292,-0.9810588,-0.33441055,-0.5824252,-0.8416251
293,-0.97577584,-0.34072188,-0.5852682,-0.8428217
294,-0.9752971,-0.34256354,-0.587824,-0.8619377
295,-0.9828672,-0.33836183,-0.5798752,-0.8479472
296,-0.96938264,-0.34688616,-0.5865112,-0.8425584
297,-0.9664821,-0.35055858,-0.6019793,-0.8491239
298,-0.971851,-0.36517137,-0.58759254,-0.8439473
299,-0.9811473,-0.33481517,-0.5762598,-0.84919983
300,-0.99068326,-0.34644067,-0.59870917,-0.8559672
301,-0.9776099,-0.33165637,-0.57916194,-0.8442852
302,-0.9709775,-0.33223757,-0.58745,-0.8448286
303,-0.98332065,-0.34574682,-0.5936245,-0.84913516
304,-0.9966896,-0.35121635,-0.58587426,-0.84225196
305,-0.97494876,-0.3549327,-0.5848114,-0.85003257
306,-0.97217363,-0.35109168,-0.5906614,-0.8305495
307,-0.9692528,-0.3646931,-0.57824874,-0.8312995
308,-0.97200316,-0.3554282,-0.5864746,-0.8496787
309,-0.97488636,-0.35355,-0.58614534,-0.85671175
310,-0.98962414,-0.3593056,-0.5900256,-0.8505575
311,-0.9761107,-0.35433272,-0.59189695,-0.84441775
312,-0.9699756,-0.35733646,-0.5794932,-0.8383066
313,-0.9795771,-0.36223355,-0.57980895,-0.8210047
314,-0.98650587,-0.36294314,-0.59080523,-0.8433568
315,-0.9695281,-0.34780622,-0.594876,-0.83703715
316,-0.98638105,-0.34693882,-0.5767584,-0.84179634
317,-0.9775722,-0.34776828,-0.560268,-0.83975506
318,-0.97389627,-0.35611343,-0.5763828,-0.8430391
319,-0.981972,-0.32989523,-0.565682,-0.8270005
320,-0.9707193,-0.35701147,-0.58928853,-0.81963456
321,-0.9777581,-0.35320988,-0.5916992,-0.8341726
322,-0.9831322,-0.336588,-0.5863879,-0.84576094
323,-0.97596574,-0.3395842,-0.58503175,-0.8544497
324,-0.990228,-0.34868476,-0.5869606,-0.8328184
325,-0.9938288,-0.35165936,-0.5994653,-0.8497928
326,-0.9865515,-0.3462127,-0.5773615,-0.83548534
327,-0.96355534,-0.34631833,-0.59614867,-0.84789383
328,-0.98036814,-0.35005552,-0.5832465,-0.8202709
329,-0.9710752,-0.35478497,-0.5711957,-0.8521149
330,-0.97179604,-0.33264297,-0.59931517,-0.8327661
331,-0.9961821,-0.31795067,-0.5886278,-0.8309537
332,-0.9821504,-0.34662256,-0.5947293,-0.84093827
333,-0.9842356,-0.34943366,-0.5900499,-0.8316637
334,-0.96716475,-0.32828453,-0.5944148,-0.84965676
335,-0.9648821,-0.3545515,-0.5843848,-0.8492079
336,-0.97875184,-0.3622577,-0.581831,-0.8372248
337,-0.97377414,-0.35632652,-0.57961226,-0.8678911
338,-0.9775601,-0.3571678,-0.59619534,-0.858039
339,-0.9910481,-0.35785186,-0.59189236,-0.838022
340,-0.9708414,-0.36323354,-0.5771696,-0.8536469
341,-0.97570264,-0.34867796,-0.59249747,-0.864009
342,-0.98540884,-0.34388494,-0.5789047,-0.85017383
343,-0.9708947,-0.35701048,-0.58084387,-0.84124476
344,-0.97976565,-0.34864262,-0.57440853,-0.8491246
345,-0.9768334,-0.35568076,-0.6010393,-0.84511715
346,-0.9914334,-0.3609719,-0.5791162,-0.8523721
347,-0.97169703,-0.3467799,-0.58184695,-0.8436393
348,-0.98118764,-0.3408048,-0.5740483,-0.8412876
349,-0.9941684,-0.35928008,-0.6085527,-0.84561634
350,-0.97786343,-0.35454202,-0.5707936,-0.8480993
351,-0.9888961,-0.3352884,-0.5717176,-0.84513485
352,-0.9867197,-0.3367654,-0.5930423,-0.8404843
353,-0.9800235,-0.33699292,-0.5974789,-0.8531267
354,-0.9779523,-0.33497062,-0.6012839,-0.8499012
355,-0.9633411,-0.34172645,-0.59094715,-0.8532805
356,-0.9765062,-0.34072703,-0.5938433,-0.8413072
357,-0.98208284,-0.36164543,-0.60348487,-0.8488096
358,-0.9906136,-0.3339721,-0.5918206,-0.85063547
359,-0.97962224,-0.32750052,-0.5702333,-0.8554969
360,-0.9755326,-0.3649559,-0.5902708,-0.84524924
361,-0.9732357,-0.36784318,-0.5747039,-0.8444894
362,-0.97831744,-0.33808962,-0.58584195,-0.843088
363,-0.9657038,-0.34598824,-0.5941017,-0.8490417
364,-0.96764386,-0.34872139,-0.5851766,-0.83390564
365,-0.9698293,-0.34758252,-0.5956886,-0.84702164
366,-1.005495,-0.343858,-0.58737636,-0.8429314
367,-0.9811725,-0.34458607,-0.5875304,-0.84654844
368,-0.98116124,-0.34873906,-0.5726264,-0.8303497
369,-0.96805656,-0.36209667,-0.58018833,-0.82777315
370,-0.969481,-0.34303537,-0.5912301,-0.8456307
371,-0.9724529,-0.34713018,-0.57854885,-0.8413325
372,-0.9878934,-0.3392525,-0.6011888,-0.85633844
373,-0.97221243,-0.3565777,-0.5957124,-0.84890485
374,-0.96799475,-0.33913007,-0.577367,-0.85042876
375,-0.9733371,-0.35248867,-0.5948341,-0.8548908
376,-0.98473084,-0.34144127,-0.5854089,-0.8375951
377,-0.9799013,-0.34448475,-0.56830984,-0.8473445
378,-0.9844354,-0.35257974,-0.5779311,-0.8471439
379,-0.98641604,-0.35367984,-0.5765394,-0.8545806
380,-0.9592539,-0.37173808,-0.5805601,-0.8493665
381,-0.99540365,-0.3429915,-0.57993346,-0.81690246
382,-0.97048426,-0.33405495,-0.5875826,-0.83386046
383,-0.9879471,-0.34487313,-0.5746198,-0.84529686
384,-0.9809766,-0.33724412,-0.59935814,-0.8231689
385,-0.9678993,-0.3467487,-0.60911167,-0.8501499
386,-0.9620903,-0.34640205,-0.5814187,-0.8581814
387,-0.9905062,-0.35428664,-0.58356583,-0.84108895
388,-0.9664742,-0.3462211,-0.5995773,-0.82609886
389,-0.9729221,-0.36031613,-0.5918079,-0.8349269
390,-0.9878114,-0.3435836,-0.59067565,-0.8381207
391,-0.97785604,-0.33732715,-0.5889917,-0.84247637
392,-0.9705538,-0.34349117,-0.5819587,-0.83747125
393,-0.96539515,-0.3657216,-0.5827261,-0.85079443
394,-0.9761575,-0.34559673,-0.5768269,-0.86201
395,-0.9874827,-0.35632503,-0.5756048,-0.8182515
396,-0.97210443,-0.35075805,-0.56724316,-0.8606482
397,-0.9824944,-0.3442839,-0.5916053,-0.8185797
398,-0.98660946,-0.33149853,-0.5864268,-0.84416914
399,-0.9840368,-0.34347054,-0.5814383,-0.8471392
400,-0.9650188,-0.33273762,-0.58670527,-0.83362675
401,-0.9806388,-0.3803848,-0.600462,-0.84731704
402,-0.985046,-0.35355374,-0.5735726,-0.8421745
403,-0.99998623,-0.35608986,-0.59410083,-0.8586671
404,-0.98325616,-0.365165,-0.5795276,-0.83977973
405,-0.97757643,-0.3453865,-0.58007354,-0.8508235
406,-0.98306996,-0.3558211,-0.5812828,-0.8401636
407,-0.981383,-0.3576282,-0.59115136,-0.84700066
408,-0.97942716,-0.34070557,-0.5783151,-0.84267896
409,-0.9762724,-0.3613404,-0.5755947,-0.8585508
410,-0.9756495,-0.32639956,-0.5936334,-0.8454676
411,-0.98159564,-0.35785303,-0.5922804,-0.8443117
412,-0.9871853,-0.34335673,-0.57760614,-0.83798295
413,-0.9845434,-0.36853194,-0.59007996,-0.8561486
414,-0.9656663,-0.3528522,-0.57353663,-0.8448251
415,-0.9712185,-0.35090062,-0.5895562,-0.8377918
416,-0.9709824,-0.33937922,-0.58198756,-0.83204746
417,-0.9860874,-0.354431,-0.5790529,-0.8396539
418,-0.97597027,-0.36295706,-0.5963543,-0.85190403
419,-0.9835129,-0.35404077,-0.589573,-0.8273436
420,-0.9662442,-0.3648418,-0.5740588,-0.8430665
421,-0.97238547,-0.3528849,-0.57738566,-0.8489934
422,-0.9560722,-0.33918032,-0.58373207,-0.84627634
423,-0.9746996,-0.34051996,-0.56954557,-0.8380633
424,-0.97779596,-0.3434626,-0.56925595,-0.8373082
425,-0.9919381,-0.33549398,-0.5777952,-0.84045905
426,-0.9769573,-0.35336152,-0.5821362,-0.83811784
427,-0.9789708,-0.34294444,-0.5781159,-0.85224473
428,-0.9578711,-0.370611,-0.58031803,-0.84125215
429,-0.9642413,-0.34175426,-0.6056629,-0.8459709
430,-0.98802024,-0.34253967,-0.5875555,-0.86601317
431,-0.9913058,-0.34461433,-0.57387483,-0.8359795
432,-0.9842232,-0.33094403,-0.5838529,-0.8396733
433,-0.96499884,-0.33435372,-0.5992434,-0.8639389
434,-0.9789936,-0.3292651,-0.57182103,-0.8453304
435,-0.9835131,-0.33965483,-0.6007856,-0.8483026
436,-0.9501078,-0.34029076,-0.5891845,-0.8321711
437,-0.9587974,-0.3610333,-0.58831626,-0.8309242
438,-0.97530746,-0.36669663,-0.5846053,-0.8443095
439,-0.9698295,-0.32547867,-0.588091,-0.8495033
440,-0.9984156,-0.34299606,-0.58020043,-0.8592088
441,-0.96812344,-0.33622602,-0.5838673,-0.8259362
442,-0.97633725,-0.36698487,-0.59213173,-0.8542765
443,-0.96228504,-0.3611577,-0.58499765,-0.83861005
444,-0.98232657,-0.3514719,-0.60051465,-0.8223203
445,-0.97199684,-0.35704345,-0.58251655,-0.83674234
446,-0.9775983,-0.3534291,-0.5857845,-0.86181104
447,-0.9704679,-0.34432918,-0.5677378,-0.82291424
448,-0.96267635,-0.3364992,-0.58641523,-0.8465427
449,-0.9680609,-0.3471138,-0.57585174,-0.8561602
450,-0.9678815,-0.35221413,-0.5805164,-0.8573041
451,-0.9741887,-0.33496004,-0.5874032,-0.8453351
452,-0.97716856,-0.34636474,-0.5828515,-0.8401426
453,-0.97620076,-0.34605706,-0.5842409,-0.83476365
454,-1.0017724,-0.34285378,-0.58307487,-0.8449092
455,-0.9456973,-0.34257156,-0.59016633,-0.8561091
456,-0.9823069,-0.343973,-0.59170616,-0.8529852
457,-0.9931245,-0.36325732,-0.58962965,-0.83804077
458,-0.9685192,-0.32571098,-0.56617,-0.84841126
459,-0.9768631,-0.36202702,-0.57639104,-0.84909433
460,-0.97824883,-0.32705688,-0.582476,-0.8336091
461,-0.9766919,-0.33852437,-0.59030896,-0.8224268
462,-0.99112284,-0.33642176,-0.58974385,-0.84932053
463,-0.9529519,-0.35878786,-0.5849246,-0.8501928
464,-0.9782972,-0.32832834,-0.5798099,-0.8140234
465,-0.98336565,-0.34534717,-0.57645565,-0.84776247
466,-0.95926374,-0.36592492,-0.58579123,-0.8246885
467,-0.97107154,-0.36210075,-0.5917249,-0.86486673
468,-0.95685536,-0.3458241,-0.58923113,-0.8286506
469,-0.98050046,-0.35301232,-0.56720775,-0.839728
470,-0.9643447,-0.34592962,-0.5861963,-0.8596507
471,-0.96345097,-0.34518635,-0.5880194,-0.8377272
472,-0.9695701,-0.35469726,-0.58866364,-0.84488636
473,-0.9730392,-0.35011786,-0.59233695,-0.840881
474,-0.9597738,-0.3365342,-0.59491,-0.8378077
475,-0.9880576,-0.3448433,-0.58395475,-0.84172004
476,-0.9890422,-0.3586718,-0.6020874,-0.82587516
477,-0.98099655,-0.348074,-0.58391714,-0.8363252
478,-0.9794079,-0.37209818,-0.57962084,-0.83455175
479,-0.9641555,-0.35426033,-0.58977634,-0.859829
480,-0.9579761,-0.3484887,-0.59136903,-0.84454197
481,-0.98296124,-0.35254478,-0.57980114,-0.82946384
482,-1.0048829,-0.3452299,-0.575878,-0.83240956
483,-0.9930114,-0.33626655,-0.58709186,-0.844274
484,-0.9666707,-0.3481872,-0.5751178,-0.8396562
485,-0.96095836,-0.35464898,-0.5863998,-0.8650314
486,-0.9628672,-0.33832484,-0.58621484,-0.83555436
487,-0.9958957,-0.33640066,-0.5778474,-0.8504263
488,-0.9963539,-0.34490404,-0.6005263,-0.847334
489,-0.95069087,-0.34087226,-0.58944815,-0.852609
490,-0.9707869,-0.36000255,-0.58359337,-0.84008366
491,-0.98411435,-0.3418182,-0.5727581,-0.8443925
492,-0.9744679,-0.3534337,-0.5645527,-0.82247156
493,-0.98133314,-0.34697494,-0.58196074,-0.8540725
494,-0.9647466,-0.33463672,-0.58600867,-0.85539067
495,-0.961859,-0.35642657,-0.5862577,-0.8412591
496,-0.9709338,-0.3462819,-0.58946836,-0.8511165
497,-0.9856122,-0.3464401,-0.5857351,-0.8482253
498,-0.98196965,-0.36465356,-0.56193554,-0.86296314
499,-0.97392607,-0.36423787,-0.57949686,-0.8322635
500,-0.9870694,-0.34918964,-0.60029054,-0.8490133
501,-0.9621196,-0.34987792,-0.5887054,-0.8561423
502,-0.97355604,-0.34382036,-0.5714952,-0.8396966
503,-0.9878994,-0.3379653,-0.580382,-0.84447134
504,-0.9710083,-0.33706632,-0.5628831,-0.83902514
505,-0.9759096,-0.36802897,-0.5849894,-0.8412536
506,-0.96155244,-0.36114395,-0.5860589,-0.8573812
507,-0.99240106,-0.34329978,-0.5837921,-0.8415995
508,-0.9707398,-0.35038096,-0.59612083,-0.8331156
509,-0.97325534,-0.34000793,-0.5862637,-0.8375909
510,-0.97996294,-0.36163974,-0.5778702,-0.83198404
511,-0.9752297,-0.34921786,-0.57749474,-0.8295018
512,-0.97203004,-0.33729053,-0.5855368,-0.8309881
513,-0.97834146,-0.34796995,-0.59741,-0.8353817
514,-0.9920914,-0.3653242,-0.5892677,-0.84244776
515,-0.98488617,-0.3555612,-0.58173317,-0.8474762
516,-0.9714794,-0.3472874,-0.57974637,-0.839474
517,-0.98174596,-0.35563624,-0.58285236,-0.8300835
518,-0.9773082,-0.35152376,-0.582058,-0.82615393
519,-0.9812616,-0.35118,-0.5905971,-0.84687406
520,-0.9878972,-0.32678604,-0.5837097,-0.86191595
521,-0.9794998,-0.3485184,-0.6084919,-0.82461095
522,-0.967109,-0.34476736,-0.5791359,-0.84983623
523,-0.97177756,-0.35702583,-0.5897779,-0.82722074
524,-0.9774931,-0.33974847,-0.59409285,-0.848072
525,-0.9604571,-0.34531128,-0.58725375,-0.8188741
526,-0.98098266,-0.3495128,-0.5788856,-0.8570128
527,-0.9933181,-0.3686883,-0.5691798,-0.83806574
528,-0.9769153,-0.36223927,-0.59902966,-0.83868635
529,-0.9762461,-0.3437243,-0.5828749,-0.842364
530,-0.9871009,-0.35135156,-0.5734033,-0.8227879
531,-0.9754536,-0.33568722,-0.595971,-0.8358137
532,-0.9732714,-0.34642574,-0.57560927,-0.84524107
533,-0.95969445,-0.3495527,-0.5940794,-0.8520469
534,-0.96196383,-0.36130846,-0.58082175,-0.85340554
535,-0.97254175,-0.34132257,-0.57724124,-0.8361894
536,-0.9618965,-0.344953,-0.5932347,-0.856631
537,-0.97375196,-0.3452696,-0.6000332,-0.851481
538,-0.98610336,-0.3482694,-0.58954096,-0.86187273
539,-0.99059004,-0.35949278,-0.59458035,-0.847018
540,-0.98708636,-0.36633727,-0.60356337,-0.8559423
541,-0.9850782,-0.35327137,-0.5858434,-0.84208506
542,-0.99478656,-0.3556316,-0.5839849,-0.844111
543,-0.98138124,-0.33367527,-0.5802004,-0.843361
544,-1.0037374,-0.3524338,-0.5766369,-0.849493
545,-0.97366583,-0.3375222,-0.57129276,-0.8413326
546,-0.9735063,-0.3479546,-0.60208005,-0.85483146
547,-0.97565633,-0.3439188,-0.58180577,-0.82759833
548,-0.98607,-0.35667428,-0.5762189,-0.8462507
549,-0.96844053,-0.33877686,-0.57787806,-0.847647
550,-0.99354196,-0.35368672,-0.606535,-0.82534415
551,-0.9776721,-0.35901654,-0.57203215,-0.84846807
552,-0.99507576,-0.37777188,-0.5834502,-0.8465811
553,-0.9907675,-0.34576234,-0.5870754,-0.833617
554,-0.97577757,-0.3580228,-0.5886652,-0.8533229
555,-0.9740275,-0.34343663,-0.5930254,-0.838672
556,-0.9717013,-0.34880012,-0.57420427,-0.83332616
557,-0.9666673,-0.33737335,-0.5840966,-0.84700656
558,-0.97131556,-0.35662183,-0.5907776,-0.8564628
559,-0.9715797,-0.35473135,-0.58324337,-0.82688284
560,-0.96633613,-0.34668064,-0.5931062,-0.8472929
561,-0.9728105,-0.35516286,-0.58760035,-0.8466325
562,-0.9727703,-0.36276603,-0.5837481,-0.82275146
563,-0.9656117,-0.3507753,-0.58535683,-0.8331693
564,-0.96345395,-0.34461042,-0.6010156,-0.8331749
565,-0.9853008,-0.33731684,-0.5857136,-0.85612935
566,-0.97657555,-0.36085004,-0.57526094,-0.8445421
567,-0.9955995,-0.36073485,-0.5913419,-0.85417324
568,-0.986283,-0.36802626,-0.5912287,-0.84510475
569,-0.96897244,-0.3562548,-0.5967734,-0.8505193
570,-0.98105717,-0.3474338,-0.5854509,-0.8287824
571,-0.94647396,-0.34022558,-0.5908856,-0.83628553
572,-0.97750115,-0.34789798,-0.56698436,-0.84512275
573,-0.9657304,-0.34786084,-0.59138227,-0.8268321
574,-0.9778556,-0.33479428,-0.60016733,-0.8526308
575,-0.9693119,-0.34982082,-0.5859501,-0.8275392
576,-0.9835831,-0.35305667,-0.5873807,-0.83767104
577,-0.9766303,-0.35157043,-0.57988846,-0.82219523
578,-1.0006732,-0.3527279,-0.5870243,-0.83879036
579,-0.9671535,-0.35082206,-0.58433956,-0.8507687
580,-0.96793497,-0.3415178,-0.5850349,-0.8480755
581,-0.9738327,-0.3407724,-0.5769542,-0.8502401
582,-0.9530001,-0.35478726,-0.5669763,-0.8403628
583,-0.9916339,-0.36338538,-0.5913717,-0.8427976
584,-0.98411477,-0.35326907,-0.5719295,-0.85061735
585,-0.9720974,-0.3466223,-0.5884622,-0.84478325
586,-0.97879887,-0.33721656,-0.58472204,-0.8404003
587,-0.9997819,-0.34901866,-0.5882583,-0.83476627
588,-0.97624487,-0.36055747,-0.58091706,-0.8394023
589,-0.99000615,-0.35005152,-0.583682,-0.849514
590,-0.97249323,-0.33166218,-0.5928078,-0.82930356
591,-0.98133916,-0.35922885,-0.5879453,-0.82893735
592,-0.9783871,-0.37535053,-0.5905306,-0.8409337
593,-0.99897456,-0.34707025,-0.5920073,-0.8513774
594,-0.9751702,-0.35735455,-0.596023,-0.8360613
595,-0.96753865,-0.3560929,-0.5927599,-0.8170761
596,-0.9763923,-0.36225265,-0.58192146,-0.84838617
597,-0.97911847,-0.3560142,-0.58055025,-0.84279794
598,-0.9713966,-0.3582511,-0.5945817,-0.86483955
599,-0.9805978,-0.35095456,-0.574107,-0.8329011
600,-0.9857887,-0.3452882,-0.6006866,-0.8403619
601,-0.9736211,-0.35901293,-0.5813975,-0.82524025
602,-0.99146515,-0.35097528,-0.5873155,-0.82864356
603,-0.988416,-0.3404208,-0.582697,-0.8509166
604,-0.96091217,-0.3563078,-0.58618116,-0.84195775
605,-0.9793805,-0.35313368,-0.5931493,-0.8435565
606,-0.9601218,-0.3403739,-0.5783431,-0.8370538
607,-0.9729338,-0.34242642,-0.5793924,-0.8227597
608,-0.9778951,-0.34563473,-0.5819789,-0.8256942
609,-0.972875,-0.35249242,-0.5862206,-0.86549354
610,-0.9801492,-0.34105414,-0.58023125,-0.83137465
611,-0.9982207,-0.34914073,-0.579326,-0.847703
612,-0.9915316,-0.36570102,-0.5736278,-0.82993776
613,-0.96925354,-0.34337997,-0.56929064,-0.8543834
614,-0.9727728,-0.35029966,-0.59062916,-0.8363348
615,-0.97870797,-0.3666454,-0.59040004,-0.8302173
616,-0.9753322,-0.3374533,-0.5927863,-0.8479075
617,-0.9879958,-0.33710393,-0.5917694,-0.83903193
618,-0.9716918,-0.342207,-0.57237583,-0.83091533
619,-0.96858346,-0.37074205,-0.5901092,-0.8312429
620,-0.98674333,-0.36581305,-0.5793933,-0.83350265
621,-0.984822,-0.34176555,-0.5795551,-0.8424069
622,-0.97484493,-0.34296548,-0.5851747,-0.8545484
623,-0.9904547,-0.34305808,-0.59261894,-0.84701264
624,-0.9650823,-0.3593909,-0.59916604,-0.83543324
625,-0.96996224,-0.3610425,-0.5721786,-0.847977
626,-0.98218083,-0.36017856,-0.60379547,-0.8218427
627,-0.98347276,-0.36276826,-0.5944929,-0.8392459
628,-0.98488486,-0.3389263,-0.58296216,-0.8339731
629,-0.9689237,-0.33465782,-0.5959211,-0.8471618
630,-0.9848464,-0.36832178,-0.5857188,-0.83590984
631,-0.9711162,-0.3686269,-0.5785312,-0.83769023
632,-0.98480994,-0.34198374,-0.57707125,-0.8563766
633,-0.9765793,-0.35088098,-0.5747054,-0.8492354
634,-0.9569967,-0.33777028,-0.5727221,-0.8556624
635,-0.9729738,-0.37122017,-0.5911565,-0.8358034
636,-0.9806369,-0.3393601,-0.58276093,-0.84436977
637,-0.9796939,-0.3431827,-0.5857962,-0.8334942
638,-0.9712717,-0.34023166,-0.5645913,-0.85186684
639,-0.9764506,-0.36089265,-0.5804217,-0.84220684
640,-0.96465033,-0.34764758,-0.59430605,-0.8320425
641,-0.99231315,-0.3524274,-0.5967594,-0.8386131
642,-0.972223,-0.34740987,-0.57939005,-0.8480735
643,-0.95938516,-0.35090488,-0.57754743,-0.84717447
644,-0.9834049,-0.34059134,-0.5918758,-0.8447294
645,-1.0006261,-0.34141174,-0.5790766,-0.8357619
646,-0.97147983,-0.37431815,-0.575912,-0.84572834
647,-0.9869489,-0.35796404,-0.5754764,-0.83091015
648,-0.99301857,-0.3486908,-0.58658195,-0.8359073
649,-0.96955055,-0.34932888,-0.5890277,-0.8328411
650,-0.9865049,-0.34821358,-0.6065344,-0.85341394
651,-0.97838825,-0.35761568,-0.56832147,-0.8480447
652,-1.0051998,-0.34718043,-0.58397245,-0.8453478
653,-0.97290534,-0.3471555,-0.56502503,-0.8458136
654,-0.9779674,-0.34783164,-0.5942667,-0.83190805
655,-0.9882184,-0.35423917,-0.57161164,-0.8570358
656,-0.9863467,-0.348977,-0.58713543,-0.8374524
657,-0.9733068,-0.3413944,-0.59187126,-0.8276084
658,-0.9818141,-0.34418446,-0.5728209,-0.8555459
659,-0.9703918,-0.33044162,-0.59803647,-0.8406578
660,-0.9739339,-0.3450749,-0.57778215,-0.8649429
661,-0.9916393,-0.3528231,-0.5800595,-0.83187747
662,-0.96781856,-0.3442794,-0.59012926,-0.8619541
663,-0.9832768,-0.32676756,-0.5913245,-0.8595498
664,-0.9799223,-0.3619614,-0.57689756,-0.85096437
665,-0.9702968,-0.34127554,-0.5889708,-0.84883446
666,-0.965873,-0.35431713,-0.5916023,-0.8354067
667,-0.9735584,-0.3411014,-0.6043498,-0.85636604
668,-0.9830536,-0.3502463,-0.5919249,-0.83529955
669,-0.97252756,-0.35284302,-0.5918444,-0.8273129
670,-0.9754346,-0.33726352,-0.57718575,-0.8471419
671,-0.9969021,-0.3529585,-0.57931286,-0.84234583
672,-0.9589477,-0.344426,-0.56488264,-0.8335066
673,-0.97529095,-0.35771328,-0.5804126,-0.8502644
674,-0.9707419,-0.33990067,-0.58390623,-0.85304666
675,-0.9804551,-0.35351104,-0.5631354,-0.8524837
676,-0.96706367,-0.3408205,-0.5677684,-0.85204065
677,-0.99921006,-0.35071456,-0.58994573,-0.84866357
678,-0.9886812,-0.36593986,-0.5619727,-0.85053205
679,-0.9601732,-0.35704508,-0.5883509,-0.84223425
680,-0.97370446,-0.34190208,-0.592654,-0.8585535
681,-0.99724996,-0.3430277,-0.5901372,-0.84328413
682,-0.977617,-0.3338786,-0.5793506,-0.83891153
683,-0.96393895,-0.3413031,-0.577639,-0.83618367
684,-0.96968675,-0.3608542,-0.5854226,-0.83817405
685,-0.9788376,-0.34102774,-0.5943367,-0.8563631
686,-0.99260294,-0.34394234,-0.5677086,-0.8353364
687,-0.9867714,-0.33308423,-0.5868606,-0.84707403
688,-0.9938717,-0.35843837,-0.5914412,-0.8472365
689,-0.96851194,-0.33183384,-0.5873872,-0.85447556
690,-0.9883544,-0.3542155,-0.5899903,-0.8339141
691,-0.9769966,-0.3501801,-0.5800906,-0.8206911
692,-0.97851497,-0.33234358,-0.5763575,-0.8613905
693,-0.95980585,-0.36130428,-0.5813425,-0.8388105
694,-0.9829155,-0.34393638,-0.57256585,-0.84004307
695,-0.988905,-0.34219712,-0.5814306,-0.8468868
696,-0.9372618,-0.3513484,-0.57286996,-0.8313216
697,-1.0036544,-0.33495465,-0.5776129,-0.85043454
698,-0.96989566,-0.33452377,-0.5839467,-0.84412587
699,-0.97811276,-0.34505814,-0.583676,-0.8582375
700,-0.97929895,-0.3268061,-0.5915356,-0.84708655
701,-0.97690994,-0.32714444,-0.6016238,-0.8331135
702,-0.9894335,-0.35300505,-0.60271794,-0.8613278
703,-0.9788833,-0.342133,-0.59538853,-0.8514861
704,-0.9693775,-0.3415787,-0.5881943,-0.8402733
705,-0.9803487,-0.34231657,-0.5797098,-0.83372074
706,-0.9823589,-0.35992026,-0.5968256,-0.85104156
707,-0.9835352,-0.353025,-0.5708787,-0.84745485
708,-0.990545,-0.33885032,-0.5866306,-0.8476189
709,-0.97352785,-0.35474533,-0.5785624,-0.8350832
710,-0.9715652,-0.37047893,-0.586754,-0.8617607
711,-0.97748715,-0.35043287,-0.58816904,-0.829989
712,-0.9830268,-0.35590273,-0.57767266,-0.8327622
713,-0.9757384,-0.33918494,-0.5839653,-0.8330224
714,-0.9721265,-0.34695944,-0.59689134,-0.83798605
715,-0.96861386,-0.3573272,-0.5960969,-0.8364806
716,-0.99131554,-0.34886718,-0.58535266,-0.8377184
717,-0.9749157,-0.36013463,-0.5965507,-0.84734374
718,-0.9725844,-0.34734973,-0.56784886,-0.8387671
719,-0.97389203,-0.36057943,-0.57899696,-0.83878434
720,-0.9730671,-0.3425791,-0.5865024,-0.85899276
721,-0.97901183,-0.34166256,-0.59161913,-0.8341259
722,-0.9825595,-0.35854563,-0.5909626,-0.8455447
723,-1.0010026,-0.355491,-0.60134506,-0.8331494
724,-0.963615,-0.3379309,-0.59147984,-0.8584797
725,-0.9802668,-0.36052468,-0.5925756,-0.85180324
726,-0.9800457,-0.35024664,-0.5850331,-0.8421562
727,-0.97388893,-0.3552008,-0.58830434,-0.84241223
728,-0.98272634,-0.34746468,-0.59570736,-0.846239
729,-0.99149,-0.35169366,-0.5762907,-0.8553955
730,-0.9880931,-0.35631126,-0.574661,-0.847959
731,-0.9758318,-0.35430986,-0.59938425,-0.8358333
732,-0.9829835,-0.35844082,-0.5904576,-0.83815205
733,-0.9812524,-0.33761728,-0.6040803,-0.83884495
734,-0.98522514,-0.36596045,-0.58426255,-0.8294486
735,-0.9756522,-0.35627103,-0.6053816,-0.8470912
736,-0.98388386,-0.35713053,-0.5883756,-0.84413403
737,-1.0011135,-0.3481336,-0.6060794,-0.83167154
738,-0.98447233,-0.3482577,-0.5937487,-0.84745586
739,-0.97796357,-0.3359917,-0.58217645,-0.84711796
740,-0.9640894,-0.33931154,-0.58880836,-0.85663986
741,-0.9957684,-0.36108166,-0.58190626,-0.8423599
742,-0.9853203,-0.35910103,-0.5663686,-0.8464836
743,-0.9859369,-0.3486197,-0.5748851,-0.83259434
744,-0.9869993,-0.33410084,-0.59343094,-0.84044045
745,-0.97331333,-0.34034663,-0.5824621,-0.85077345
746,-0.99076796,-0.36137775,-0.58101445,-0.85256827
747,-0.9900279,-0.36260462,-0.5752604,-0.853271
748,-0.98831195,-0.34202713,-0.5831115,-0.8540262
749,-0.97934115,-0.35557184,-0.60027033,-0.8369373
750,-0.97195876,-0.34687507,-0.56861913,-0.8262876
751,-0.97676474,-0.35597548,-0.5905889,-0.84071136
752,-0.96685314,-0.34376574,-0.5921657,-0.853431
753,-0.97919005,-0.35304502,-0.57517785,-0.8462736
754,-0.9833382,-0.35310072,-0.57229584,-0.835424
755,-0.9864533,-0.34399018,-0.60131764,-0.86337656
756,-0.96109515,-0.35306248,-0.5687355,-0.82860094
757,-0.9716952,-0.36032772,-0.5709252,-0.8307413
758,-0.976942,-0.35109577,-0.5932895,-0.83649015
759,-0.98335636,-0.34277788,-0.5820923,-0.83051085
760,-0.97855204,-0.35529146,-0.58911425,-0.8396761
761,-0.9614555,-0.3605719,-0.5800254,-0.8517419
762,-0.97090816,-0.35360575,-0.5851162,-0.8452854
763,-0.9828397,-0.37663466,-0.58706033,-0.82235765
764,-0.996051,-0.34896836,-0.59556395,-0.83854485
765,-0.9680905,-0.34865406,-0.5849352,-0.8639679
766,-1.0010698,-0.3499991,-0.57944804,-0.82292676
767,-0.9885385,-0.33806524,-0.55610037,-0.8420534
768,-0.9863652,-0.34690246,-0.6012315,-0.8510542
769,-0.97701067,-0.35508004,-0.60063684,-0.86268777
770,-0.9757229,-0.3459418,-0.58030564,-0.83479685
771,-0.9864641,-0.3481379,-0.5752028,-0.8352141
772,-0.98496705,-0.35916755,-0.566065,-0.8348274
773,-0.98130536,-0.34922287,-0.5865591,-0.83172786
774,-0.97926325,-0.3432373,-0.5722356,-0.842664
775,-0.98962826,-0.34797972,-0.6100475,-0.843523
776,-0.97642195,-0.35397598,-0.6012772,-0.8365103
777,-0.96539235,-0.36669657,-0.5899231,-0.82890606
778,-0.98055345,-0.35872477,-0.6022608,-0.83619964
779,-0.9688089,-0.3374294,-0.58648926,-0.8499027
780,-0.9862036,-0.3345673,-0.5845051,-0.8367316
781,-0.9959624,-0.351732,-0.5832868,-0.8338963
782,-1.0009241,-0.34247985,-0.5782513,-0.8500463
783,-0.9666916,-0.36305463,-0.5816927,-0.8528963
784,-0.9782027,-0.33924842,-0.59974986,-0.8396167
785,-0.9804569,-0.33476287,-0.58903736,-0.84501916
786,-0.9731736,-0.35535288,-0.59176993,-0.85864806
787,-0.97891337,-0.35044545,-0.59393436,-0.8628465
788,-0.96982974,-0.34360775,-0.5883412,-0.83001524
789,-0.9629639,-0.35192472,-0.5910045,-0.84454346
790,-0.9665875,-0.3498241,-0.5879068,-0.85235494
791,-0.9765625,-0.33648613,-0.588087,-0.847461
792,-0.9833679,-0.34503046,-0.593577,-0.84541297
793,-0.97899514,-0.3526102,-0.5768373,-0.8395327
794,-0.9664344,-0.3522292,-0.57756513,-0.8473559
795,-0.9978695,-0.33249086,-0.5964711,-0.82872176
796,-0.9958027,-0.35757202,-0.58800477,-0.8264409
797,-0.9748751,-0.35597992,-0.5996808,-0.8454846
798,-0.9788295,-0.34646726,-0.5859057,-0.8381761
799,-0.98302853,-0.35229015,-0.58152264,-0.8476161
800,-0.9801663,-0.36329892,-0.58378017,-0.8145084
801,-0.9921111,-0.3376704,-0.57810557,-0.8451964
802,-0.977321,-0.34294647,-0.59801924,-0.8401565
803,-0.9823375,-0.32514483,-0.5989752,-0.83935326
804,-1.0041338,-0.3614363,-0.56816,-0.8466919
805,-0.98759985,-0.33425498,-0.5828248,-0.83084625
806,-0.9958829,-0.3438983,-0.5800242,-0.83418584
807,-0.98245174,-0.35299966,-0.5830975,-0.84501386
808,-0.9660416,-0.3511478,-0.58905107,-0.8478497
809,-0.97224146,-0.33854306,-0.5834814,-0.8583183
810,-0.9822668,-0.3425893,-0.57269377,-0.8350128
811,-0.9890613,-0.35262567,-0.59096205,-0.82514167
812,-0.97801065,-0.34505853,-0.6016172,-0.8389007
813,-0.9929503,-0.36206833,-0.5924247,-0.84826785
814,-0.97525233,-0.34464785,-0.57384026,-0.8422283
815,-0.977831,-0.3493086,-0.5868032,-0.82041967
816,-0.9791387,-0.36904907,-0.60273874,-0.8331482
817,-0.98512673,-0.34716952,-0.5781083,-0.8541974
818,-0.9695366,-0.3633825,-0.5729671,-0.8515685
819,-0.9882747,-0.36576962,-0.5779362,-0.8404166
820,-0.9820764,-0.34446818,-0.5777597,-0.84816754
821,-0.965127,-0.3422089,-0.60113525,-0.85045373
822,-0.9875696,-0.3710061,-0.57245666,-0.8287146
823,-0.97705925,-0.33594126,-0.5935322,-0.83673364
824,-0.9837435,-0.32800233,-0.5706975,-0.8476843
825,-0.985588,-0.34803092,-0.5678768,-0.8402179
826,-0.98960704,-0.3598012,-0.5980023,-0.84775364
827,-0.9772917,-0.35039502,-0.5938856,-0.8431196
828,-0.9713406,-0.3405282,-0.6014419,-0.8529111
829,-0.9762286,-0.3400593,-0.5759601,-0.84359676
830,-0.9866115,-0.3365565,-0.5682635,-0.8399983
831,-0.957261,-0.35157228,-0.59420353,-0.8381029
832,-0.9661136,-0.347683,-0.5569977,-0.82123876
833,-0.98386616,-0.35240322,-0.5861285,-0.84071916
834,-0.9765165,-0.35445297,-0.58047676,-0.85679114
835,-0.97092146,-0.34067875,-0.571644,-0.8449712
836,-0.9689161,-0.34735817,-0.595391,-0.8056726
837,-0.98311937,-0.34367663,-0.5856598,-0.85725635
838,-0.97763664,-0.34262848,-0.595678,-0.83217406
839,-0.96531034,-0.34915277,-0.60001546,-0.84216326
840,-0.9966226,-0.3468748,-0.5891324,-0.8559285
841,-0.9695509,-0.33511132,-0.610844,-0.83668786
842,-0.9786296,-0.34161255,-0.59535027,-0.82449555
843,-0.98258555,-0.35262963,-0.5891515,-0.8399051
844,-0.9858929,-0.3509322,-0.5890227,-0.8420299
845,-0.9808818,-0.35225126,-0.5945155,-0.8476312
846,-0.98683774,-0.35235,-0.5723067,-0.84171414
847,-0.9695503,-0.36595327,-0.5762573,-0.8422612
848,-0.9761981,-0.33941597,-0.5821245,-0.8254923
849,-0.9771465,-0.36074516,-0.5770666,-0.84118825
850,-0.97135574,-0.34803486,-0.5753162,-0.85161847
851,-0.97170067,-0.3384409,-0.596486,-0.83255297
852,-0.9870144,-0.35059667,-0.57336277,-0.8346332
853,-0.9826815,-0.35202283,-0.5784097,-0.83179873
854,-0.98016435,-0.35292324,-0.58648944,-0.8336196
855,-0.9699208,-0.34315342,-0.5765253,-0.8350385
856,-0.9837872,-0.3432686,-0.5864721,-0.8364931
857,-0.97121257,-0.3461038,-0.59080803,-0.8547353
858,-0.99511594,-0.3572538,-0.57366383,-0.8604993
859,-0.98857975,-0.35389212,-0.58605474,-0.84344006
860,-0.96115535,-0.33690298,-0.58261496,-0.85237
861,-0.98510826,-0.32654443,-0.5813665,-0.84800965
862,-0.98183084,-0.35078883,-0.58158875,-0.84040505
863,-0.99019665,-0.34822595,-0.5801736,-0.8393609
864,-0.984919,-0.34592184,-0.5658957,-0.8435743
865,-0.979618,-0.34330705,-0.5883888,-0.8299996
866,-0.9853583,-0.35022312,-0.580742,-0.8401994
867,-0.9785654,-0.36333913,-0.56996226,-0.851405
868,-0.963193,-0.34815192,-0.5844001,-0.8437847
869,-0.9883347,-0.33906752,-0.5800465,-0.8412973
870,-0.9823933,-0.3510597,-0.6007225,-0.83294374
871,-0.9766724,-0.35266012,-0.5929163,-0.8401728
872,-0.9724788,-0.32542884,-0.5837161,-0.83571005
873,-0.9972808,-0.33152136,-0.57022,-0.8567282
874,-0.97244835,-0.3340414,-0.60766304,-0.83176255
875,-0.97475135,-0.33188558,-0.5852452,-0.84221643
876,-0.9792942,-0.36156037,-0.5946199,-0.83517987
877,-0.98065907,-0.34392604,-0.5923717,-0.84377295
878,-0.9834384,-0.36886626,-0.58336127,-0.83339596
879,-0.99558103,-0.3532478,-0.5834886,-0.84250844
880,-0.969101,-0.33358407,-0.5902522,-0.8456133
881,-0.98998237,-0.35805976,-0.5779851,-0.81954306
882,-0.964422,-0.36500764,-0.57369787,-0.84348464
883,-0.9722906,-0.3491518,-0.5921369,-0.85836
884,-0.99901813,-0.34778583,-0.58658034,-0.8386106
885,-0.98269963,-0.35078287,-0.5999457,-0.86643046
886,-0.9751216,-0.36091623,-0.5754051,-0.82814026
887,-0.98233247,-0.35655457,-0.5783256,-0.8390567
888,-0.97664946,-0.33958766,-0.573343,-0.8405053
889,-0.9763014,-0.3445437,-0.58234304,-0.83964056
890,-0.9658977,-0.34158346,-0.5934879,-0.84580797
891,-0.9694253,-0.3656418,-0.58748955,-0.85104233
892,-0.96656483,-0.34499612,-0.57762694,-0.8327115
893,-0.97506046,-0.36953825,-0.59538645,-0.84692156
894,-0.9762963,-0.3586548,-0.5856486,-0.8362294
895,-0.9762958,-0.35177532,-0.58741647,-0.83267486
896,-0.9663798,-0.33373842,-0.5670287,-0.84715974
897,-0.98359656,-0.34603757,-0.5915816,-0.85616076
898,-0.9820473,-0.33502796,-0.5764299,-0.8387246
899,-0.98332864,-0.35194847,-0.5825763,-0.8406838
900,-0.99258935,-0.34862635,-0.59575987,-0.8426913
901,-0.97193503,-0.34959614,-0.5829047,-0.84679115
902,-0.9952455,-0.36544013,-0.5759268,-0.8389423
903,-0.9615509,-0.35306597,-0.58114696,-0.8366309
904,-0.9991714,-0.37018335,-0.5985857,-0.847011
905,-0.96232563,-0.35518187,-0.58270943,-0.8564282
906,-0.9719876,-0.35564432,-0.606773,-0.8372557
907,-0.9946194,-0.35876945,-0.5813212,-0.84487164
908,-0.966255,-0.33832026,-0.5839918,-0.83615744
909,-0.9590232,-0.35422832,-0.58941096,-0.82216305
910,-0.97575164,-0.35769263,-0.5983179,-0.8444638
911,-0.9614416,-0.34058866,-0.5845413,-0.82309777
912,-0.97063905,-0.34365556,-0.5655946,-0.8485074
913,-0.97237265,-0.35667333,-0.5720051,-0.8448119
914,-0.9864437,-0.36069378,-0.58914113,-0.85284716
915,-0.9706502,-0.3638972,-0.5893604,-0.8413086
916,-0.97569937,-0.34563002,-0.5825772,-0.8573201
917,-0.9885461,-0.36023775,-0.5958063,-0.84873664
918,-0.97519463,-0.35501865,-0.58227086,-0.8282028
919,-0.9762655,-0.3424462,-0.5923715,-0.8330162
920,-0.9600581,-0.35415927,-0.59515184,-0.84318435
921,-0.9830227,-0.35068116,-0.5743127,-0.86139756
922,-0.9717305,-0.3399743,-0.5885191,-0.8353436
923,-0.9859894,-0.3422352,-0.5978017,-0.8461538
924,-1.0024595,-0.35948172,-0.59390783,-0.8561147
925,-0.9757919,-0.34624618,-0.5810175,-0.85263133
926,-0.97452873,-0.3319083,-0.5755647,-0.8577593
927,-0.98394215,-0.3481054,-0.5780002,-0.83478045
928,-0.9595451,-0.34947956,-0.58664787,-0.83570945
929,-0.98510945,-0.34982246,-0.58420527,-0.83797127
930,-0.9688044,-0.34640366,-0.5681859,-0.84743273
931,-1.0064229,-0.33874834,-0.5865775,-0.82673496
932,-0.9837466,-0.3265047,-0.58307743,-0.8434234
933,-0.9710014,-0.35534948,-0.5938871,-0.84112406
934,-0.98588043,-0.35188276,-0.58750474,-0.8368915
935,-0.96940684,-0.335641,-0.5793782,-0.8452403
936,-0.9724512,-0.34704015,-0.5929187,-0.8356943
937,-0.979087,-0.36498538,-0.58088446,-0.8314786
938,-0.98065776,-0.36296517,-0.57877934,-0.82953084
939,-0.9722706,-0.35909748,-0.5742566,-0.8442482
940,-0.97023344,-0.35655487,-0.5914114,-0.85051703
941,-0.98937994,-0.33061162,-0.5765593,-0.83959204
942,-0.98811024,-0.35563803,-0.5867521,-0.84243
943,-0.9873389,-0.34726152,-0.5891226,-0.8509206
944,-0.9845159,-0.34883446,-0.6139529,-0.8555037
945,-0.97526735,-0.3372302,-0.5888394,-0.83435893
946,-0.9631215,-0.35891983,-0.5651892,-0.82872725
947,-1.0001665,-0.33958983,-0.5720801,-0.8518443
948,-0.9751601,-0.35832605,-0.5847461,-0.85680413
949,-0.97617704,-0.352475,-0.58379656,-0.8495853
950,-0.9742974,-0.3319167,-0.57005894,-0.83089495
951,-0.9687444,-0.3594651,-0.57640946,-0.8499263
952,-0.9757788,-0.33972597,-0.5726629,-0.8372504
953,-0.9900452,-0.36617756,-0.58583003,-0.84088826
954,-0.9612385,-0.34702745,-0.5844635,-0.8466765
955,-0.9902199,-0.35511616,-0.57390463,-0.85020524
956,-0.9676986,-0.349946,-0.56981796,-0.86052066
957,-0.98248154,-0.35257772,-0.59914154,-0.84529126
958,-0.98053217,-0.33602673,-0.57816285,-0.8413347
959,-0.9929663,-0.35286584,-0.58040977,-0.844582
960,-0.9645247,-0.3564816,-0.59931374,-0.8444429
961,-0.9912685,-0.3455967,-0.5691281,-0.8414324
962,-0.97410774,-0.36309502,-0.5816022,-0.83827275
963,-0.9650074,-0.35143518,-0.57656366,-0.858262
964,-0.9985495,-0.37166414,-0.5895523,-0.8402244
965,-0.9908249,-0.3620889,-0.58899885,-0.82405865
966,-0.99353266,-0.35253465,-0.59656554,-0.84378076
967,-0.9834474,-0.35915056,-0.5797436,-0.84751856
968,-0.97913724,-0.3568677,-0.57125604,-0.84558105
969,-0.98560405,-0.34439233,-0.59489894,-0.836682
970,-0.9774826,-0.3623733,-0.5882767,-0.8482472
971,-0.9793199,-0.34914002,-0.5696992,-0.83415794
972,-0.98087597,-0.34677812,-0.57218623,-0.83965313
973,-0.9687025,-0.35163957,-0.59586525,-0.8430909
974,-0.9910874,-0.3467123,-0.5831346,-0.8256047
975,-0.9733947,-0.3469233,-0.57977176,-0.8406058
976,-0.9828781,-0.35004878,-0.5974036,-0.83871317
977,-0.9620108,-0.34237766,-0.58099234,-0.8513891
978,-0.99229455,-0.3627161,-0.58844227,-0.83345777
979,-0.9561541,-0.34288383,-0.5864871,-0.8485685
980,-0.981163,-0.33101228,-0.5861923,-0.85482156
981,-0.9714712,-0.34166187,-0.6016643,-0.8553723
982,-0.9766601,-0.35100114,-0.5662825,-0.83558345
983,-0.98250973,-0.33791554,-0.6002498,-0.83029604
984,-0.9826501,-0.36497855,-0.5832502,-0.84727496
985,-0.97794926,-0.36529374,-0.5856092,-0.8474409
986,-0.9646114,-0.35686424,-0.5786011,-0.8336528
987,-0.9865473,-0.33723804,-0.57040924,-0.83338076
988,-0.9664729,-0.3391847,-0.59339076,-0.8431698
989,-0.9933844,-0.3491597,-0.5971683,-0.8490128
990,-0.96467626,-0.3449204,-0.5688105,-0.8398936
991,-0.97730064,-0.35514116,-0.5804405,-0.8454836
992,-0.98647094,-0.36483753,-0.5682736,-0.8448243
993,-0.97411984,-0.3357143,-0.6061737,-0.8324771
994,-0.972325,-0.34746224,-0.593695,-0.8335852
995,-0.9772141,-0.3482212,-0.5816915,-0.85247684
996,-0.9726983,-0.33332217,-0.57795626,-0.85064715
997,-0.98026043,-0.34401092,-0.5770395,-0.83789927
998,-0.9616073,-0.34518996,-0.5791962,-0.8177685
999,-0.9565179,-0.32858226,-0.596732,-0.84769785
