,agent1,agent2
0,-15013.084,-15659.229
1,-14674.262,-15241.58
2,-14454.795,-14880.575
3,-14199.296,-14537.719
4,-13988.76,-14253.855
5,-13817.809,-14024.007
6,-13598.933,-13745.365
7,-13398.676,-13571.145
8,-13300.654,-13361.11
9,-13105.266,-13159.206
10,-12955.304,-12976.826
11,-12776.527,-12819.609
12,-12659.525,-12705.299
13,-12509.177,-12515.426
14,-12297.093,-12323.862
15,-12147.438,-12158.787
16,-12002.035,-12047.699
17,-11839.472,-11883.606
18,-11640.951,-11735.844
19,-11483.764,-11575.208
20,-11393.271,-11476.109
21,-11178.951,-11324.875
22,-11022.731,-11204.821
23,-10903.01,-11046.3125
24,-10756.961,-10916.206
25,-10579.441,-10814.877
26,-10457.134,-10709.623
27,-10387.627,-10565.27
28,-10231.5,-10480.999
29,-10086.0,-10350.39
30,-9979.571,-10282.271
31,-9861.234,-10168.211
32,-9739.45,-10047.433
33,-9688.635,-9938.105
34,-9573.969,-9874.494
35,-9438.924,-9776.169
36,-9363.781,-9667.473
37,-9309.979,-9613.14
38,-9198.926,-9538.285
39,-9143.666,-9438.23
40,-9043.773,-9342.838
41,-8984.569,-9267.131
42,-8908.326,-9202.014
43,-8881.066,-9105.643
44,-8822.017,-9087.934
45,-8772.95,-8967.931
46,-8674.756,-8936.986
47,-8665.304,-8917.032
48,-8610.154,-8813.448
49,-8591.026,-8770.578
50,-8581.117,-8688.525
51,-8543.777,-8684.835
52,-8475.648,-8626.613
53,-8494.703,-8599.326
54,-8436.861,-8576.8955
55,-8457.824,-8521.946
56,-8428.7705,-8479.255
57,-8386.034,-8474.527
58,-8396.559,-8471.506
59,-8377.764,-8441.5205
60,-8373.866,-8400.973
61,-8321.115,-8396.71
62,-8315.259,-8372.026
63,-8337.561,-8359.229
64,-8354.306,-8338.074
65,-8303.449,-8380.855
66,-8303.496,-8329.469
67,-8271.682,-8304.537
68,-8286.912,-8297.693
69,-8288.031,-8292.834
70,-8264.957,-8269.249
71,-8307.381,-8249.562
72,-8291.807,-8273.49
73,-8279.594,-8230.954
74,-8285.354,-8223.217
75,-8287.304,-8281.898
76,-8292.346,-8203.059
77,-8287.379,-8227.977
78,-8254.195,-8215.208
79,-8277.388,-8202.513
80,-8291.615,-8237.384
81,-8294.909,-8218.19
82,-8264.009,-8168.2656
83,-8274.989,-8182.909
84,-8265.109,-8184.8945
85,-8268.413,-8180.001
86,-8259.323,-8167.108
87,-8261.596,-8181.294
88,-8271.467,-8174.5186
89,-8255.175,-8171.6045
90,-8251.16,-8145.196
91,-8255.348,-8150.7227
92,-8255.072,-8175.402
93,-8267.17,-8161.214
94,-8274.57,-8165.023
95,-8218.242,-8137.3037
96,-8228.767,-8141.408
97,-8254.41,-8188.89
98,-8258.452,-8173.7427
99,-8262.568,-8163.3994
100,-8249.037,-8129.1694
101,-8226.415,-8141.7334
102,-8197.669,-8142.1396
103,-8247.289,-8144.6455
104,-8269.26,-8144.8604
105,-8254.747,-8149.9727
106,-8218.093,-8129.1396
107,-8260.507,-8155.294
108,-8244.342,-8124.129
109,-8220.6,-8117.1143
110,-8215.328,-8147.4644
111,-8239.525,-8127.3438
112,-8263.941,-8115.221
113,-8240.533,-8126.9053
114,-8228.1,-8156.3555
115,-8221.217,-8165.2627
116,-8254.2295,-8116.6357
117,-8203.897,-8111.8286
118,-8218.085,-8127.8706
119,-8212.376,-8120.7417
120,-8200.897,-8121.88
121,-8209.178,-8117.7197
122,-8206.766,-8149.918
123,-8239.768,-8146.147
124,-8208.332,-8121.1914
125,-8212.886,-8131.1646
126,-8208.845,-8091.579
127,-8197.845,-8129.4297
128,-8184.5635,-8111.6987
129,-8208.509,-8125.133
130,-8179.4194,-8101.5254
131,-8181.5747,-8087.6953
132,-8176.543,-8132.039
133,-8172.46,-8122.9067
134,-8166.9717,-8102.9463
135,-8193.613,-8106.879
136,-8186.474,-8079.252
137,-8202.028,-8105.07
138,-8199.82,-8113.6357
139,-8193.739,-8089.4746
140,-8212.4375,-8094.383
141,-8157.3867,-8132.427
142,-8172.8213,-8114.776
143,-8213.576,-8083.9014
144,-8170.1665,-8107.1045
145,-8184.7603,-8097.747
146,-8173.0273,-8086.374
147,-8160.674,-8116.1133
148,-8169.4766,-8070.8203
149,-8158.176,-8088.81
150,-8167.63,-8132.7725
151,-8170.3545,-8071.6484
152,-8118.247,-8093.1597
153,-8144.6724,-8089.3066
154,-8158.737,-8044.671
155,-8132.4136,-8089.4224
156,-8138.6104,-8079.4766
157,-8136.294,-8084.6436
158,-8138.1426,-8061.205
159,-8107.1504,-8077.436
160,-8095.498,-8068.491
161,-8120.6973,-8080.4062
162,-8140.76,-8059.2275
163,-8141.081,-8079.4756
164,-8109.666,-8093.615
165,-8158.6123,-8053.2607
166,-8114.99,-8058.7676
167,-8140.3066,-8018.749
168,-8113.7295,-8005.423
169,-8103.088,-8041.5654
170,-8086.785,-8055.295
171,-8084.835,-8025.8296
172,-8086.6406,-8018.796
173,-8123.213,-8050.749
174,-8100.4336,-8041.702
175,-8096.8057,-8029.0713
176,-8070.218,-8008.733
177,-8098.09,-8035.8174
178,-8095.4033,-8039.6147
179,-8083.666,-7998.9883
180,-8075.6655,-8015.331
181,-8070.71,-7986.801
182,-8068.166,-8023.8604
183,-8064.8193,-7991.398
184,-8095.9175,-8020.975
185,-8042.033,-8030.7007
186,-8053.923,-7991.631
187,-8036.9365,-7993.719
188,-8078.011,-7998.58
189,-8045.9863,-7966.6406
190,-8022.7637,-7987.0254
191,-8036.168,-8013.755
192,-8014.1,-7982.377
193,-7982.3584,-7937.206
194,-8026.7393,-7985.502
195,-8011.446,-7994.1855
196,-8003.322,-7969.8447
197,-7976.489,-7949.992
198,-7977.0005,-7971.385
199,-7967.616,-7926.435
200,-8027.079,-7922.0234
201,-7953.407,-7940.1343
202,-8000.776,-7945.2646
203,-7972.4556,-7932.7207
204,-7975.4077,-7941.6904
205,-7956.2695,-7941.0625
206,-7969.3345,-7918.4316
207,-7929.515,-7937.1426
208,-7949.157,-7901.1504
209,-7960.6973,-7943.161
210,-7980.2476,-7921.458
211,-7921.195,-7896.3647
212,-7947.004,-7915.758
213,-7922.105,-7872.9004
214,-7913.01,-7899.663
215,-7940.164,-7900.9053
216,-7874.93,-7898.892
217,-7920.06,-7888.455
218,-7921.1807,-7886.801
219,-7895.8936,-7874.5376
220,-7903.6733,-7881.168
221,-7891.0083,-7872.572
222,-7859.9004,-7878.1846
223,-7861.9395,-7839.699
224,-7823.71,-7878.707
225,-7849.135,-7836.95
226,-7841.9756,-7865.5713
227,-7852.165,-7820.424
228,-7846.3843,-7803.681
229,-7849.2295,-7839.627
230,-7839.6133,-7806.617
231,-7843.857,-7808.5957
232,-7822.732,-7794.719
233,-7845.613,-7801.587
234,-7792.9976,-7798.3804
235,-7796.378,-7780.9434
236,-7785.5625,-7798.6753
237,-7797.884,-7801.9097
238,-7743.2573,-7773.99
239,-7729.7705,-7767.7305
240,-7740.987,-7765.708
241,-7741.283,-7722.6436
242,-7750.7812,-7734.3467
243,-7725.4746,-7745.4233
244,-7716.701,-7748.4697
245,-7678.7324,-7752.167
246,-7701.6416,-7713.965
247,-7713.825,-7680.666
248,-7670.984,-7706.6235
249,-7682.9404,-7679.6704
250,-7651.2715,-7669.8706
251,-7670.481,-7643.2427
252,-7597.3477,-7669.541
253,-7595.0405,-7685.08
254,-7609.831,-7647.674
255,-7589.714,-7613.544
256,-7595.5166,-7660.369
257,-7588.4956,-7606.667
258,-7575.883,-7618.919
259,-7528.62,-7604.6235
260,-7547.8203,-7567.7124
261,-7498.04,-7573.6904
262,-7515.854,-7585.159
263,-7485.7876,-7542.2764
264,-7470.27,-7588.1396
265,-7477.86,-7569.1104
266,-7457.615,-7538.8765
267,-7455.2256,-7532.7188
268,-7456.368,-7498.883
269,-7434.7773,-7491.9355
270,-7397.2104,-7480.9756
271,-7374.7705,-7467.365
272,-7372.7637,-7443.158
273,-7358.502,-7412.579
274,-7298.794,-7430.687
275,-7333.175,-7428.331
276,-7304.3765,-7442.3564
277,-7271.533,-7389.533
278,-7220.245,-7355.9336
279,-7231.305,-7356.422
280,-7221.0093,-7369.033
281,-7196.624,-7325.642
282,-7165.919,-7323.456
283,-7162.1855,-7307.6797
284,-7128.74,-7292.086
285,-7112.4014,-7294.538
286,-7065.397,-7273.377
287,-7061.351,-7263.708
288,-7019.562,-7215.544
289,-6983.533,-7215.509
290,-6946.1475,-7219.3516
291,-6918.5854,-7203.1577
292,-6864.2715,-7129.875
293,-6901.55,-7148.8877
294,-6836.4062,-7113.145
295,-6822.02,-7092.163
296,-6760.0176,-7107.541
297,-6753.7007,-7081.356
298,-6713.6177,-7040.822
299,-6708.412,-7062.3335
300,-6620.0967,-7027.364
301,-6603.4014,-6969.6494
302,-6569.551,-6972.8887
303,-6544.748,-6953.8984
304,-6462.1626,-6917.8887
305,-6458.992,-6892.209
306,-6424.3877,-6866.0366
307,-6411.198,-6799.2617
308,-6405.574,-6797.396
309,-6364.211,-6811.073
310,-6368.329,-6742.648
311,-6353.8037,-6708.2637
312,-6391.8086,-6693.7705
313,-6352.342,-6636.999
314,-6300.092,-6617.6978
315,-6316.5986,-6589.096
316,-6285.457,-6530.674
317,-6281.0825,-6493.388
318,-6310.6035,-6465.8955
319,-6260.957,-6476.5825
320,-6277.722,-6422.9663
321,-6259.34,-6435.9854
322,-6272.178,-6382.0107
323,-6271.7637,-6406.856
324,-6268.654,-6445.585
325,-6252.5938,-6411.2207
326,-6226.5796,-6377.473
327,-6248.1035,-6364.438
328,-6250.2725,-6389.2334
329,-6268.0,-6341.0884
330,-6279.749,-6351.829
331,-6264.5186,-6359.8477
332,-6264.5547,-6341.9165
333,-6248.48,-6328.92
334,-6295.076,-6370.327
335,-6279.3125,-6365.5205
336,-6275.2026,-6329.2207
337,-6226.467,-6350.8037
338,-6280.8535,-6317.886
339,-6250.5107,-6332.572
340,-6245.831,-6334.5713
341,-6242.1934,-6362.46
342,-6266.132,-6316.6016
343,-6253.7295,-6341.921
344,-6256.6274,-6300.077
345,-6244.373,-6339.169
346,-6271.859,-6362.9814
347,-6228.9688,-6355.823
348,-6227.1025,-6357.222
349,-6223.1006,-6331.2334
350,-6256.5713,-6326.0273
351,-6256.411,-6334.038
352,-6273.377,-6352.5146
353,-6212.5933,-6347.8057
354,-6229.6787,-6345.7314
355,-6253.5923,-6364.393
356,-6258.421,-6337.952
357,-6226.4062,-6363.035
358,-6245.102,-6344.044
359,-6241.078,-6317.462
360,-6263.5605,-6304.3438
361,-6242.6616,-6333.964
362,-6267.121,-6271.936
363,-6282.6787,-6350.1665
364,-6255.8726,-6323.741
365,-6336.8535,-6312.909
366,-6270.577,-6313.209
367,-6260.667,-6307.6914
368,-6315.1006,-6339.753
369,-6292.12,-6335.8257
370,-6304.9463,-6338.7656
371,-6276.4517,-6348.71
372,-6296.0825,-6329.132
373,-6260.742,-6339.1836
374,-6307.2993,-6329.323
375,-6262.3896,-6339.155
376,-6323.9077,-6352.414
377,-6307.106,-6343.1367
378,-6275.4336,-6340.7573
379,-6269.58,-6346.3545
380,-6297.454,-6331.006
381,-6292.725,-6390.217
382,-6315.452,-6369.973
383,-6312.039,-6332.7295
384,-6294.0884,-6369.3135
385,-6335.096,-6360.5957
386,-6270.8027,-6385.7817
387,-6300.6035,-6363.196
388,-6319.0024,-6375.1973
389,-6307.0986,-6386.9287
390,-6290.4307,-6383.7207
391,-6315.2705,-6378.456
392,-6292.2725,-6409.8525
393,-6283.256,-6421.3516
394,-6314.1953,-6396.05
395,-6299.117,-6367.457
396,-6277.3457,-6386.1934
397,-6286.6807,-6396.636
398,-6299.049,-6389.588
399,-6272.8154,-6391.576
400,-6309.2754,-6403.24
401,-6292.2295,-6438.2646
402,-6319.1387,-6430.3438
403,-6307.1484,-6396.547
404,-6310.955,-6444.1025
405,-6329.6567,-6444.8555
406,-6323.9443,-6413.6006
407,-6310.172,-6429.6245
408,-6326.8677,-6398.3516
409,-6310.477,-6422.9575
410,-6317.13,-6429.8926
411,-6332.263,-6467.293
412,-6317.539,-6407.742
413,-6352.4443,-6396.843
414,-6291.5396,-6412.345
415,-6328.1016,-6428.276
416,-6344.497,-6442.1377
417,-6352.9287,-6438.087
418,-6315.4434,-6404.367
419,-6327.112,-6442.0283
420,-6316.0293,-6451.6196
421,-6347.8984,-6420.3877
422,-6296.8726,-6445.935
423,-6353.4155,-6415.8735
424,-6318.288,-6417.915
425,-6326.986,-6442.0605
426,-6369.123,-6447.9375
427,-6337.1963,-6461.883
428,-6342.321,-6433.1533
429,-6333.8936,-6476.1313
430,-6363.1396,-6439.2466
431,-6362.13,-6439.968
432,-6333.256,-6451.9717
433,-6369.042,-6448.5293
434,-6362.379,-6461.153
435,-6328.7197,-6459.0786
436,-6359.7563,-6439.0977
437,-6340.674,-6420.337
438,-6342.709,-6419.0254
439,-6386.648,-6438.3135
440,-6362.582,-6451.8228
441,-6366.371,-6469.089
442,-6397.8564,-6455.5156
443,-6337.8965,-6455.204
444,-6364.198,-6455.9575
445,-6387.9263,-6466.897
446,-6320.602,-6471.394
447,-6351.5586,-6448.872
448,-6342.774,-6463.6006
449,-6375.1533,-6467.6445
450,-6388.278,-6472.8184
451,-6397.9346,-6463.852
452,-6373.982,-6419.0015
453,-6394.244,-6482.6094
454,-6365.164,-6446.662
455,-6366.1465,-6458.418
456,-6386.2227,-6441.136
457,-6368.1396,-6469.3867
458,-6371.3994,-6468.678
459,-6383.8115,-6474.868
460,-6345.965,-6475.384
461,-6407.335,-6481.9277
462,-6381.3506,-6539.033
463,-6443.823,-6494.8057
464,-6389.198,-6482.1816
465,-6382.1377,-6485.0186
466,-6397.694,-6484.283
467,-6382.823,-6485.6025
468,-6388.378,-6510.1777
469,-6376.637,-6520.488
470,-6379.5547,-6501.987
471,-6367.38,-6470.466
472,-6392.5825,-6493.6455
473,-6375.206,-6501.265
474,-6375.2104,-6506.072
475,-6410.9004,-6496.872
476,-6381.626,-6486.3887
477,-6378.0244,-6510.3706
478,-6417.7017,-6511.578
479,-6331.244,-6509.215
480,-6368.369,-6505.496
481,-6383.3823,-6520.4795
482,-6422.0596,-6488.1475
483,-6386.953,-6498.7197
484,-6396.091,-6515.3716
485,-6385.689,-6520.0483
486,-6378.0986,-6486.464
487,-6406.0293,-6492.2344
488,-6395.6855,-6498.8643
489,-6411.5186,-6522.1406
490,-6396.6367,-6499.2305
491,-6403.376,-6481.8984
492,-6404.0996,-6472.216
493,-6425.0024,-6513.917
494,-6380.8984,-6505.788
495,-6409.3916,-6543.642
496,-6401.673,-6489.7725
497,-6422.6367,-6530.7324
498,-6379.747,-6495.3857
499,-6405.0137,-6538.0454
500,-6377.171,-6507.0327
501,-6411.207,-6489.7363
502,-6409.924,-6511.8633
503,-6429.911,-6525.0195
504,-6436.423,-6484.585
505,-6387.1987,-6515.537
506,-6412.52,-6506.295
507,-6396.206,-6483.288
508,-6397.114,-6511.6934
509,-6409.255,-6515.3247
510,-6405.473,-6490.562
511,-6408.206,-6502.8477
512,-6383.211,-6522.0786
513,-6438.3467,-6516.709
514,-6430.017,-6484.874
515,-6416.7764,-6538.2065
516,-6403.499,-6496.7607
517,-6412.5664,-6501.907
518,-6361.6045,-6528.612
519,-6384.7964,-6498.135
520,-6468.288,-6484.2393
521,-6405.0,-6518.0806
522,-6428.2563,-6495.4307
523,-6421.8867,-6532.0186
524,-6404.139,-6538.3193
525,-6402.371,-6487.802
526,-6416.3203,-6508.517
527,-6442.701,-6501.656
528,-6436.952,-6509.4814
529,-6431.245,-6510.087
530,-6429.4146,-6518.0527
531,-6421.261,-6539.8936
532,-6433.7197,-6519.678
533,-6413.442,-6499.2334
534,-6446.734,-6527.003
535,-6430.8037,-6548.976
536,-6435.969,-6521.642
537,-6426.4854,-6478.672
538,-6450.596,-6526.705
539,-6406.573,-6511.198
540,-6444.659,-6531.278
541,-6416.4136,-6509.995
542,-6439.961,-6523.431
543,-6454.4937,-6536.209
544,-6443.552,-6531.071
545,-6425.995,-6511.3037
546,-6423.2266,-6503.42
547,-6445.503,-6530.5107
548,-6402.9233,-6510.2354
549,-6431.035,-6486.286
550,-6426.8506,-6519.1724
551,-6451.4927,-6507.8643
552,-6434.9336,-6531.7334
553,-6437.8584,-6552.714
554,-6449.173,-6534.9136
555,-6438.7344,-6544.397
556,-6450.0156,-6533.533
557,-6457.342,-6549.777
558,-6462.0566,-6543.175
559,-6417.622,-6544.9644
560,-6479.912,-6529.382
561,-6465.9893,-6548.6543
562,-6470.612,-6515.3804
563,-6464.9346,-6539.2944
564,-6452.97,-6551.504
565,-6448.2305,-6504.3506
566,-6473.451,-6540.5264
567,-6447.445,-6530.622
568,-6500.209,-6539.831
569,-6459.423,-6579.2627
570,-6473.624,-6538.319
571,-6463.949,-6504.9185
572,-6471.8735,-6532.385
573,-6431.791,-6535.8096
574,-6444.7124,-6557.077
575,-6451.7197,-6547.054
576,-6441.0615,-6559.7314
577,-6448.1787,-6528.087
578,-6441.7075,-6550.484
579,-6468.534,-6517.0254
580,-6484.5654,-6546.8467
581,-6469.673,-6544.254
582,-6448.6587,-6536.3066
583,-6486.826,-6579.163
584,-6469.4507,-6540.532
585,-6463.4614,-6558.987
586,-6465.639,-6533.0537
587,-6480.76,-6567.5503
588,-6503.603,-6566.901
589,-6446.9565,-6538.717
590,-6477.256,-6593.8345
591,-6501.9434,-6525.5986
592,-6470.105,-6558.3496
593,-6482.057,-6558.066
594,-6461.073,-6559.538
595,-6513.1094,-6554.7993
596,-6462.705,-6580.1543
597,-6507.5137,-6614.128
598,-6476.6055,-6543.917
599,-6497.365,-6578.8096
600,-6502.213,-6548.753
601,-6487.285,-6549.0986
602,-6488.5137,-6583.2705
603,-6462.584,-6567.9746
604,-6522.619,-6582.748
605,-6454.621,-6547.41
606,-6480.286,-6535.2124
607,-6467.6445,-6569.2725
608,-6458.457,-6557.476
609,-6511.595,-6579.564
610,-6475.669,-6585.5957
611,-6468.315,-6543.923
612,-6478.623,-6577.343
613,-6455.0264,-6573.1646
614,-6499.121,-6571.2607
615,-6483.771,-6589.2554
616,-6464.84,-6554.115
617,-6471.502,-6552.6895
618,-6504.5107,-6555.657
619,-6528.9316,-6548.6895
620,-6486.6665,-6571.4243
621,-6474.1084,-6563.411
622,-6512.497,-6583.789
623,-6503.147,-6588.3525
624,-6506.754,-6576.089
625,-6491.911,-6536.1626
626,-6506.5654,-6575.959
627,-6500.751,-6567.211
628,-6473.9727,-6571.4497
629,-6491.2246,-6591.714
630,-6518.7417,-6611.107
631,-6511.953,-6609.582
632,-6499.9937,-6597.373
633,-6506.878,-6569.5293
634,-6507.967,-6594.3813
635,-6492.918,-6616.292
636,-6522.9375,-6584.406
637,-6483.1797,-6583.5273
638,-6496.759,-6572.7173
639,-6498.358,-6625.4165
640,-6511.397,-6555.8896
641,-6483.2285,-6577.9033
642,-6501.157,-6566.6865
643,-6500.556,-6566.6177
644,-6482.7036,-6608.154
645,-6502.834,-6590.7754
646,-6473.387,-6594.9053
647,-6505.7295,-6572.224
648,-6517.4844,-6604.7676
649,-6489.048,-6594.8496
650,-6485.677,-6587.242
651,-6513.0195,-6600.502
652,-6540.708,-6572.5127
653,-6520.7896,-6595.3047
654,-6549.8955,-6598.7695
655,-6486.0586,-6589.5913
656,-6512.3916,-6565.4253
657,-6527.4053,-6601.9497
658,-6543.251,-6591.4756
659,-6506.836,-6577.5317
660,-6512.262,-6611.331
661,-6467.8423,-6614.315
662,-6542.9873,-6606.5327
663,-6514.759,-6575.408
664,-6506.5234,-6583.0225
665,-6516.449,-6588.6006
666,-6529.371,-6625.342
667,-6511.466,-6600.6074
668,-6510.3623,-6595.323
669,-6517.166,-6588.439
670,-6499.8345,-6598.375
671,-6556.66,-6600.886
672,-6502.7734,-6615.886
673,-6525.38,-6613.4937
674,-6511.5596,-6581.382
675,-6531.9688,-6623.4272
676,-6491.0044,-6633.868
677,-6523.4307,-6581.62
678,-6519.753,-6619.8047
679,-6546.681,-6597.367
680,-6483.475,-6605.0786
681,-6527.183,-6611.9014
682,-6503.1865,-6583.807
683,-6565.217,-6611.39
684,-6534.564,-6601.8887
685,-6545.994,-6616.807
686,-6563.177,-6606.259
687,-6518.2856,-6627.8457
688,-6529.171,-6627.3174
689,-6528.207,-6622.834
690,-6518.505,-6588.2305
691,-6502.1953,-6608.202
692,-6504.9814,-6593.1274
693,-6528.8296,-6616.0225
694,-6551.935,-6620.845
695,-6555.5986,-6640.3105
696,-6543.4927,-6650.8794
697,-6507.4307,-6659.662
698,-6520.047,-6617.4966
699,-6541.652,-6660.5723
700,-6533.6157,-6614.9907
701,-6521.953,-6628.6855
702,-6539.623,-6628.368
703,-6562.6436,-6645.509
704,-6508.4307,-6619.2974
705,-6519.671,-6635.7764
706,-6558.364,-6610.3184
707,-6521.624,-6640.2974
708,-6557.29,-6643.3335
709,-6527.469,-6644.0527
710,-6575.0293,-6646.492
711,-6529.7646,-6654.343
712,-6545.12,-6632.975
713,-6566.748,-6673.048
714,-6557.454,-6650.7686
715,-6535.0195,-6614.1865
716,-6553.626,-6619.9893
717,-6573.838,-6620.119
718,-6523.43,-6643.717
719,-6545.532,-6637.745
720,-6541.4473,-6631.135
721,-6577.2026,-6601.254
722,-6571.9204,-6662.2993
723,-6543.588,-6645.6016
724,-6548.5435,-6622.3696
725,-6568.809,-6627.927
726,-6535.1685,-6625.9893
727,-6536.996,-6666.641
728,-6593.7515,-6636.6167
729,-6525.092,-6648.5986
730,-6519.714,-6626.9766
731,-6534.828,-6633.5674
732,-6521.355,-6622.1436
733,-6506.792,-6606.0396
734,-6510.6396,-6609.1064
735,-6520.252,-6641.6953
736,-6534.306,-6636.3477
737,-6534.168,-6644.4863
738,-6529.783,-6616.8506
739,-6566.7236,-6602.7603
740,-6551.01,-6642.0557
741,-6575.0396,-6658.9746
742,-6585.471,-6674.6035
743,-6561.6895,-6624.0107
744,-6587.822,-6665.289
745,-6555.672,-6633.8164
746,-6553.9414,-6632.986
747,-6552.1016,-6622.741
748,-6536.5645,-6641.024
749,-6584.483,-6659.701
750,-6555.352,-6605.049
751,-6557.217,-6601.3545
752,-6567.755,-6620.3213
753,-6543.6284,-6650.298
754,-6559.474,-6630.1504
755,-6591.451,-6642.727
756,-6586.5425,-6646.079
757,-6554.7295,-6636.994
758,-6539.547,-6636.886
759,-6579.9478,-6617.586
760,-6582.217,-6627.421
761,-6611.837,-6643.885
762,-6575.391,-6667.493
763,-6595.181,-6610.9326
764,-6599.5747,-6616.157
765,-6607.6694,-6628.005
766,-6586.4277,-6660.2363
767,-6561.728,-6671.092
768,-6564.9995,-6668.6943
769,-6595.294,-6632.3125
770,-6565.097,-6669.5596
771,-6578.878,-6657.6484
772,-6542.3276,-6655.75
773,-6552.8604,-6678.2744
774,-6573.837,-6687.427
775,-6561.164,-6674.925
776,-6594.8506,-6647.953
777,-6586.079,-6635.052
778,-6616.622,-6662.002
779,-6617.1313,-6637.84
780,-6572.869,-6646.1494
781,-6606.7417,-6684.6074
782,-6593.7197,-6676.047
783,-6590.873,-6654.8984
784,-6578.6313,-6648.635
785,-6596.2773,-6638.4404
786,-6604.644,-6662.1733
787,-6605.2896,-6675.9536
788,-6594.4497,-6692.0156
789,-6610.8877,-6700.415
790,-6601.3164,-6653.465
791,-6589.6465,-6672.953
792,-6598.6045,-6674.077
793,-6594.5293,-6643.381
794,-6618.484,-6677.826
795,-6586.4956,-6657.2617
796,-6614.1665,-6660.561
797,-6592.7246,-6639.848
798,-6592.74,-6680.741
799,-6610.618,-6678.1284
800,-6579.775,-6673.746
801,-6606.085,-6698.777
802,-6565.535,-6697.6694
803,-6574.806,-6681.99
804,-6584.4883,-6683.989
805,-6581.9414,-6694.163
806,-6567.5376,-6687.5693
807,-6589.353,-6644.202
808,-6599.739,-6690.6787
809,-6583.2227,-6676.2905
810,-6628.8887,-6657.586
811,-6639.495,-6631.8447
812,-6628.076,-6681.6973
813,-6622.4473,-6708.961
814,-6600.328,-6621.272
815,-6567.446,-6670.383
816,-6614.892,-6665.2617
817,-6572.935,-6657.3813
818,-6625.9287,-6689.619
819,-6584.334,-6641.3257
820,-6598.9863,-6693.1567
821,-6606.341,-6666.8223
822,-6609.6514,-6678.006
823,-6607.755,-6625.8584
824,-6600.335,-6678.2104
825,-6600.65,-6685.919
826,-6611.7495,-6695.074
827,-6631.567,-6675.6094
828,-6595.085,-6670.4463
829,-6617.501,-6670.049
830,-6608.127,-6677.5596
831,-6603.196,-6669.746
832,-6616.975,-6709.1504
833,-6640.2715,-6678.462
834,-6633.6553,-6701.2344
835,-6623.1406,-6663.781
836,-6596.54,-6693.2646
837,-6619.919,-6677.863
838,-6635.3447,-6695.621
839,-6637.12,-6698.1367
840,-6635.567,-6687.993
841,-6647.717,-6651.5166
842,-6633.5063,-6686.1274
843,-6625.3438,-6689.628
844,-6600.5996,-6687.4355
845,-6618.574,-6709.9297
846,-6642.4307,-6678.0713
847,-6641.3423,-6705.291
848,-6606.446,-6694.826
849,-6596.19,-6658.883
850,-6650.0664,-6669.2773
851,-6594.5107,-6694.3325
852,-6601.041,-6651.24
853,-6635.4756,-6669.117
854,-6641.072,-6678.164
855,-6604.038,-6669.3965
856,-6579.3853,-6664.8945
857,-6606.505,-6699.4473
858,-6643.1963,-6705.4326
859,-6604.751,-6710.5576
860,-6607.9683,-6647.548
861,-6583.4697,-6640.2705
862,-6605.992,-6689.1504
863,-6635.716,-6686.152
864,-6639.94,-6684.4937
865,-6628.028,-6688.2373
866,-6641.778,-6717.0913
867,-6596.2363,-6685.784
868,-6604.884,-6694.991
869,-6621.2744,-6717.708
870,-6640.2305,-6699.617
871,-6636.156,-6714.4062
872,-6611.3687,-6699.8335
873,-6635.0195,-6728.197
874,-6605.7617,-6746.6807
875,-6603.3325,-6695.071
876,-6581.0283,-6698.169
877,-6595.6416,-6711.3228
878,-6604.7725,-6668.132
879,-6596.8564,-6712.9062
880,-6626.1562,-6693.154
881,-6610.4814,-6702.7217
882,-6634.2373,-6698.3516
883,-6606.5195,-6706.704
884,-6630.3906,-6680.918
885,-6622.175,-6703.3965
886,-6612.244,-6703.4287
887,-6617.9873,-6716.3496
888,-6647.8276,-6691.456
889,-6626.5654,-6673.0723
890,-6622.2007,-6663.8174
891,-6641.622,-6729.7056
892,-6599.5776,-6697.962
893,-6628.365,-6673.481
894,-6596.3306,-6728.7993
895,-6623.1816,-6708.931
896,-6604.3086,-6709.0293
897,-6596.907,-6699.459
898,-6596.8613,-6726.7007
899,-6661.9585,-6724.4375
900,-6601.3755,-6696.3945
901,-6627.7295,-6695.584
902,-6626.271,-6703.837
903,-6620.855,-6706.2466
904,-6600.749,-6711.073
905,-6637.0654,-6686.911
906,-6585.476,-6723.0947
907,-6638.176,-6700.922
908,-6611.5713,-6694.057
909,-6598.274,-6704.2344
910,-6636.923,-6726.045
911,-6619.256,-6698.9746
912,-6584.2207,-6691.542
913,-6613.2925,-6737.6064
914,-6608.4365,-6734.533
915,-6587.462,-6751.795
916,-6639.0156,-6750.9087
917,-6637.344,-6724.2417
918,-6630.2295,-6711.091
919,-6663.3604,-6744.2065
920,-6606.079,-6718.0903
921,-6615.3,-6740.046
922,-6676.4927,-6719.3066
923,-6634.541,-6714.6753
924,-6682.8027,-6703.6494
925,-6628.0264,-6714.2812
926,-6669.729,-6718.201
927,-6642.154,-6715.991
928,-6651.5283,-6713.701
929,-6658.5615,-6727.714
930,-6625.751,-6713.6763
931,-6661.0117,-6716.573
932,-6629.5967,-6735.129
933,-6591.387,-6722.487
934,-6635.4126,-6715.0845
935,-6671.262,-6719.207
936,-6639.24,-6692.5776
937,-6641.03,-6716.3447
938,-6621.4946,-6728.7734
939,-6620.9956,-6725.031
940,-6636.13,-6717.756
941,-6614.789,-6741.437
942,-6633.447,-6695.165
943,-6625.297,-6749.6104
944,-6652.786,-6735.094
945,-6688.865,-6724.6855
946,-6611.9756,-6724.461
947,-6627.3447,-6723.5444
948,-6627.7256,-6713.301
949,-6645.331,-6722.3545
950,-6682.7344,-6710.7666
951,-6643.759,-6719.4834
952,-6671.4937,-6730.587
953,-6688.519,-6738.493
954,-6647.887,-6727.2676
955,-6650.1016,-6734.826
956,-6638.914,-6743.045
957,-6644.7266,-6736.189
958,-6649.826,-6763.9316
959,-6616.6235,-6740.251
960,-6629.9365,-6759.263
961,-6636.0757,-6754.202
962,-6650.078,-6726.645
963,-6661.5493,-6719.0576
964,-6636.8447,-6718.8555
965,-6628.265,-6742.7563
966,-6638.8516,-6735.0586
967,-6660.253,-6704.3945
968,-6640.2354,-6722.3896
969,-6657.6377,-6752.9062
970,-6654.461,-6710.6357
971,-6668.084,-6730.1733
972,-6640.312,-6720.9717
973,-6676.7344,-6747.004
974,-6675.0195,-6733.867
975,-6634.39,-6710.9307
976,-6648.246,-6751.287
977,-6639.0615,-6774.03
978,-6641.7344,-6780.0117
979,-6654.667,-6746.283
980,-6670.844,-6760.8325
981,-6664.3457,-6738.29
982,-6679.129,-6760.831
983,-6659.534,-6768.9507
984,-6659.829,-6765.5215
985,-6680.3535,-6797.699
986,-6676.368,-6711.9854
987,-6654.8774,-6793.2246
988,-6656.1797,-6774.4146
989,-6664.602,-6745.748
990,-6685.7207,-6760.5005
991,-6691.5684,-6759.4043
992,-6703.162,-6740.6836
993,-6697.0034,-6737.4453
994,-6688.5625,-6781.6333
995,-6649.864,-6764.793
996,-6690.4917,-6737.7363
997,-6654.4463,-6742.3096
998,-6686.0264,-6772.4854
999,-6644.218,-6727.2695
1000,-6678.316,-6753.6006
1001,-6643.711,-6773.8525
1002,-6687.4614,-6724.411
1003,-6661.9004,-6771.4785
1004,-6678.2314,-6773.4946
1005,-6634.3535,-6764.87
1006,-6639.4062,-6769.575
1007,-6682.054,-6745.9497
1008,-6676.5044,-6709.911
1009,-6677.5835,-6740.107
1010,-6685.9565,-6731.875
1011,-6684.599,-6778.493
1012,-6691.9287,-6739.7905
1013,-6677.842,-6727.3467
1014,-6669.725,-6714.375
1015,-6642.4497,-6753.03
1016,-6698.772,-6767.552
1017,-6698.709,-6750.745
1018,-6646.505,-6754.085
1019,-6665.4424,-6729.0415
1020,-6655.5645,-6740.7686
1021,-6681.5493,-6771.95
1022,-6650.884,-6697.7725
1023,-6684.8174,-6768.5703
1024,-6665.142,-6768.582
1025,-6688.086,-6735.541
1026,-6687.363,-6732.3535
1027,-6651.9717,-6805.112
1028,-6700.788,-6775.1445
1029,-6657.4014,-6734.695
1030,-6680.2534,-6753.3955
1031,-6713.4585,-6767.4683
1032,-6656.963,-6774.104
1033,-6703.2515,-6766.418
1034,-6656.88,-6746.669
1035,-6711.218,-6771.257
1036,-6713.584,-6760.496
1037,-6654.046,-6734.25
1038,-6703.4434,-6733.8306
1039,-6684.703,-6732.868
1040,-6668.902,-6781.9067
1041,-6673.9775,-6744.0884
1042,-6673.825,-6766.7983
1043,-6693.2207,-6781.7676
1044,-6684.9014,-6762.533
1045,-6692.793,-6760.2485
1046,-6680.8223,-6799.2246
1047,-6696.121,-6751.0386
1048,-6671.836,-6780.7754
1049,-6704.5923,-6776.0137
1050,-6688.209,-6781.79
1051,-6699.5146,-6838.109
1052,-6686.623,-6781.835
1053,-6686.2275,-6783.7925
1054,-6725.423,-6808.666
1055,-6689.916,-6793.3105
1056,-6703.9736,-6798.25
1057,-6691.4727,-6743.7036
1058,-6711.057,-6744.5356
1059,-6684.3853,-6774.0244
1060,-6705.2173,-6796.705
1061,-6717.9536,-6765.591
1062,-6699.6836,-6770.9634
1063,-6685.5557,-6777.8945
1064,-6688.8345,-6764.9375
1065,-6711.8823,-6776.8174
1066,-6692.541,-6773.747
1067,-6679.419,-6774.4834
1068,-6748.468,-6775.5205
1069,-6705.0635,-6798.4365
1070,-6723.594,-6778.522
1071,-6712.8867,-6773.476
1072,-6694.6006,-6783.21
1073,-6713.0195,-6778.1245
1074,-6740.495,-6798.023
1075,-6733.8506,-6803.2407
1076,-6693.405,-6793.998
1077,-6669.6533,-6770.736
1078,-6728.22,-6754.4917
1079,-6691.9644,-6780.222
1080,-6719.047,-6819.7593
1081,-6712.458,-6775.4814
1082,-6697.275,-6755.917
1083,-6723.3667,-6779.0986
1084,-6708.822,-6770.555
1085,-6717.941,-6782.7725
1086,-6698.084,-6766.1436
1087,-6735.29,-6756.871
1088,-6720.335,-6796.457
1089,-6745.291,-6774.084
1090,-6702.504,-6745.078
1091,-6667.16,-6767.5645
1092,-6717.097,-6775.1035
1093,-6710.5977,-6787.075
1094,-6718.0073,-6776.3594
1095,-6718.9697,-6788.089
1096,-6734.297,-6765.949
1097,-6729.1807,-6802.802
1098,-6714.037,-6799.7783
1099,-6705.635,-6788.3467
1100,-6713.359,-6762.175
1101,-6747.953,-6821.936
1102,-6711.9937,-6772.038
1103,-6718.065,-6813.808
1104,-6745.451,-6786.01
1105,-6711.337,-6796.8384
1106,-6726.721,-6782.789
1107,-6750.774,-6813.288
1108,-6752.782,-6829.4043
1109,-6735.6084,-6789.304
1110,-6700.381,-6791.1406
1111,-6725.7812,-6802.3057
1112,-6731.5215,-6820.703
1113,-6771.467,-6808.8115
1114,-6771.3154,-6763.1865
1115,-6713.7427,-6808.377
1116,-6722.8027,-6798.1045
1117,-6737.928,-6815.1543
1118,-6758.791,-6858.5093
1119,-6768.2646,-6794.668
1120,-6744.731,-6803.503
1121,-6766.534,-6797.535
1122,-6749.3604,-6841.7246
1123,-6758.719,-6832.046
1124,-6766.4307,-6818.334
1125,-6766.7246,-6813.2656
1126,-6725.4717,-6825.459
1127,-6713.673,-6834.145
1128,-6733.159,-6780.917
1129,-6742.584,-6798.2754
1130,-6729.216,-6811.2305
1131,-6743.0703,-6803.8315
1132,-6760.617,-6839.1797
1133,-6740.417,-6840.661
1134,-6758.0625,-6841.6963
1135,-6712.9023,-6772.5776
1136,-6767.909,-6831.0195
1137,-6748.5986,-6819.882
1138,-6762.5986,-6779.3047
1139,-6748.5273,-6842.173
1140,-6742.317,-6832.0503
1141,-6767.169,-6825.669
1142,-6765.533,-6833.111
1143,-6732.621,-6832.844
1144,-6740.789,-6852.9775
1145,-6760.663,-6797.0825
1146,-6768.1465,-6830.348
1147,-6762.169,-6831.6055
1148,-6778.1963,-6823.8237
1149,-6768.7246,-6826.663
1150,-6728.384,-6834.506
1151,-6764.337,-6792.783
1152,-6779.0967,-6815.624
1153,-6772.9043,-6833.801
1154,-6742.8857,-6841.0405
1155,-6753.89,-6813.3853
1156,-6752.0337,-6816.1396
1157,-6748.789,-6834.323
1158,-6732.536,-6846.2295
1159,-6729.5103,-6832.1367
1160,-6709.453,-6817.9937
1161,-6773.494,-6814.6494
1162,-6753.211,-6848.208
1163,-6771.283,-6829.7974
1164,-6766.0713,-6810.2725
1165,-6725.125,-6820.19
1166,-6707.8096,-6799.9404
1167,-6728.785,-6846.4688
1168,-6744.17,-6841.796
1169,-6747.122,-6819.1895
1170,-6744.8447,-6820.621
1171,-6746.3438,-6809.3994
1172,-6777.826,-6794.3877
1173,-6729.0254,-6834.3486
1174,-6736.8584,-6840.0254
1175,-6765.0693,-6863.8145
1176,-6737.0356,-6827.347
1177,-6751.784,-6846.7446
1178,-6773.51,-6831.408
1179,-6776.576,-6800.244
1180,-6776.804,-6827.917
1181,-6757.5547,-6813.0947
1182,-6754.821,-6835.749
1183,-6712.5957,-6847.9805
1184,-6715.4087,-6840.0703
1185,-6747.052,-6820.55
1186,-6787.2563,-6811.8496
1187,-6784.1357,-6839.299
1188,-6752.8516,-6856.3794
1189,-6756.093,-6836.957
1190,-6805.368,-6831.7437
1191,-6748.5674,-6821.948
1192,-6794.666,-6837.4414
1193,-6749.7305,-6774.985
1194,-6756.882,-6824.0205
1195,-6758.464,-6785.625
1196,-6788.616,-6817.958
1197,-6779.266,-6812.2754
1198,-6764.1143,-6813.3877
1199,-6733.2285,-6816.832
1200,-6760.826,-6825.671
1201,-6761.715,-6799.996
1202,-6729.208,-6814.8633
1203,-6739.095,-6797.117
1204,-6765.067,-6848.3604
1205,-6786.1143,-6820.104
1206,-6765.166,-6822.213
1207,-6759.504,-6858.4023
1208,-6753.791,-6831.914
1209,-6754.398,-6848.96
1210,-6722.693,-6826.5933
1211,-6730.209,-6844.1157
1212,-6752.826,-6843.68
1213,-6752.8164,-6788.8467
1214,-6731.6826,-6811.6504
1215,-6761.0234,-6837.1094
1216,-6782.8003,-6804.841
1217,-6748.226,-6835.811
1218,-6759.99,-6834.5747
1219,-6787.3223,-6816.675
1220,-6739.6377,-6778.4336
1221,-6781.8027,-6805.2007
1222,-6762.1333,-6820.0615
1223,-6744.1895,-6819.4956
1224,-6757.9233,-6782.245
1225,-6741.784,-6802.467
1226,-6795.4033,-6812.1416
1227,-6773.325,-6811.427
1228,-6733.035,-6847.5576
1229,-6790.0703,-6826.4624
1230,-6759.084,-6849.045
1231,-6745.0176,-6836.7363
1232,-6782.8965,-6811.919
1233,-6772.649,-6844.324
1234,-6800.473,-6827.7305
1235,-6771.0347,-6834.912
1236,-6739.509,-6831.3564
1237,-6775.489,-6832.3247
1238,-6736.1113,-6853.292
1239,-6785.0693,-6831.785
1240,-6776.9966,-6809.414
1241,-6747.6562,-6804.8384
1242,-6787.3975,-6838.565
1243,-6744.8726,-6814.8545
1244,-6767.674,-6879.623
1245,-6794.2188,-6878.8647
1246,-6751.332,-6871.063
1247,-6758.116,-6840.866
1248,-6759.739,-6822.5195
1249,-6778.329,-6854.878
1250,-6764.0435,-6821.658
1251,-6763.586,-6817.6416
1252,-6776.795,-6847.8833
1253,-6792.7007,-6816.2524
1254,-6760.165,-6842.956
1255,-6768.5117,-6882.7324
1256,-6804.811,-6850.5615
1257,-6808.128,-6837.2925
1258,-6755.3813,-6858.2695
1259,-6751.374,-6869.2812
1260,-6823.2173,-6806.168
1261,-6791.7534,-6849.12
1262,-6799.214,-6823.94
1263,-6781.2803,-6843.4956
1264,-6757.8667,-6850.462
1265,-6765.807,-6848.629
1266,-6777.5244,-6847.722
1267,-6781.042,-6869.494
1268,-6762.5557,-6858.8916
1269,-6782.463,-6859.712
1270,-6766.919,-6808.866
1271,-6728.523,-6845.188
1272,-6795.8887,-6900.237
1273,-6773.705,-6820.413
1274,-6770.315,-6880.8403
1275,-6747.687,-6855.8384
1276,-6736.25,-6842.7314
1277,-6761.12,-6888.4365
1278,-6773.492,-6874.592
1279,-6783.576,-6859.4214
1280,-6771.1934,-6869.6445
1281,-6777.292,-6906.902
1282,-6778.7417,-6838.2656
1283,-6733.241,-6869.29
1284,-6760.79,-6871.4556
1285,-6745.959,-6863.6187
1286,-6739.9707,-6845.215
1287,-6749.0205,-6875.092
1288,-6752.241,-6847.91
1289,-6795.798,-6852.677
1290,-6776.486,-6847.1055
1291,-6792.1113,-6860.236
1292,-6783.831,-6799.5073
1293,-6767.5913,-6843.7407
1294,-6753.913,-6858.421
1295,-6784.4155,-6841.3687
1296,-6769.747,-6822.005
1297,-6777.507,-6866.95
1298,-6768.1943,-6844.5557
1299,-6766.9717,-6854.966
1300,-6753.92,-6880.5566
1301,-6809.036,-6865.4434
1302,-6742.487,-6800.9795
1303,-6752.288,-6846.217
1304,-6744.2812,-6874.9087
1305,-6767.162,-6851.6504
1306,-6830.917,-6868.5576
1307,-6780.9062,-6873.4917
1308,-6770.8457,-6856.038
1309,-6785.1875,-6842.699
1310,-6761.6953,-6875.1562
1311,-6774.333,-6837.5273
1312,-6763.2183,-6868.7666
1313,-6756.9775,-6856.3823
1314,-6784.7837,-6837.1484
1315,-6742.1763,-6789.3896
1316,-6747.086,-6850.8115
1317,-6772.6616,-6878.615
1318,-6797.9253,-6828.2476
1319,-6781.168,-6861.669
1320,-6781.1367,-6808.8467
1321,-6797.4443,-6854.841
1322,-6778.3184,-6789.4404
1323,-6763.5107,-6835.367
1324,-6767.9077,-6843.172
1325,-6775.1553,-6863.543
1326,-6802.425,-6834.477
1327,-6773.387,-6870.3916
1328,-6790.939,-6853.076
1329,-6759.448,-6864.7314
1330,-6756.6787,-6862.5557
1331,-6788.5996,-6867.029
1332,-6777.0713,-6845.425
1333,-6789.2207,-6831.1636
1334,-6785.3096,-6856.09
1335,-6785.5225,-6819.0396
1336,-6781.503,-6856.3516
1337,-6770.2393,-6834.38
1338,-6742.229,-6846.456
1339,-6814.995,-6819.983
1340,-6806.981,-6857.4907
1341,-6774.797,-6840.9263
1342,-6736.4766,-6829.8364
1343,-6765.45,-6842.7607
1344,-6759.335,-6825.436
1345,-6811.9233,-6836.955
1346,-6788.0977,-6867.1123
1347,-6782.6636,-6832.1465
1348,-6803.3823,-6842.0283
1349,-6795.634,-6826.7896
1350,-6843.6123,-6889.556
1351,-6829.505,-6842.5938
1352,-6795.921,-6855.04
1353,-6766.827,-6819.94
1354,-6807.372,-6867.2944
1355,-6814.0664,-6852.629
1356,-6823.453,-6835.0234
1357,-6799.2783,-6859.2676
1358,-6757.792,-6844.8115
1359,-6784.4385,-6850.114
1360,-6796.315,-6842.8076
1361,-6776.835,-6874.89
1362,-6800.1797,-6868.756
1363,-6788.213,-6846.673
1364,-6765.9844,-6873.4126
1365,-6782.583,-6831.0
1366,-6772.1055,-6834.755
1367,-6754.17,-6852.237
1368,-6797.084,-6852.627
1369,-6806.0615,-6846.2715
1370,-6797.6846,-6867.575
1371,-6789.474,-6844.752
1372,-6793.3604,-6867.321
1373,-6761.979,-6860.126
1374,-6816.5156,-6849.3184
1375,-6777.1484,-6855.1045
1376,-6812.334,-6875.6006
1377,-6778.426,-6812.8516
1378,-6771.131,-6852.6743
1379,-6774.8506,-6837.0005
1380,-6789.9736,-6844.0566
1381,-6802.378,-6849.633
1382,-6815.541,-6843.845
1383,-6794.122,-6850.305
1384,-6786.4062,-6846.833
1385,-6800.0938,-6861.2227
1386,-6799.3,-6865.593
1387,-6805.4946,-6852.8457
1388,-6802.315,-6829.803
1389,-6745.147,-6816.753
1390,-6791.001,-6893.0747
1391,-6829.3525,-6867.083
1392,-6828.019,-6839.082
1393,-6811.4175,-6892.0317
1394,-6832.799,-6903.9453
1395,-6793.2256,-6854.167
1396,-6804.3867,-6874.2856
1397,-6818.0923,-6879.251
1398,-6810.3125,-6880.657
1399,-6811.001,-6868.1123
1400,-6833.805,-6888.0474
