,agent1,agent2,S,A,B,P
0,0.09975,0.09975,99.775,0.0,0.0,0.0
1,0.09950062500000001,0.09950062500000001,99.55056250000001,0.0,0.0,0.0
2,0.09925187343750001,0.09925187343750001,99.32668609375001,0.0,0.0,0.0
3,0.09900374375390626,0.09900374375390626,99.10336937851564,0.0,0.0,0.0
4,0.0987562343945215,0.0987562343945215,98.88061095506934,0.0,0.0,0.0
5,0.0985093438085352,0.0985093438085352,98.65840942768168,0.0,0.0,0.0
6,0.09826307044901386,0.09826307044901386,98.43676340411247,0.0,0.0,0.0
7,0.09801741277289133,0.09801741277289133,98.2156714956022,0.0,0.0,0.0
8,0.0977723692409591,0.0977723692409591,97.99513231686319,0.0,0.0,0.0
9,0.0975279383178567,0.0975279383178567,97.77514448607103,0.0,0.0,0.0
10,0.09728411847206206,0.09728411847206206,97.55570662485584,0.0,0.0,0.0
11,0.0970409081758819,0.0970409081758819,97.3368173582937,0.0,0.0,0.0
12,0.0967983059054422,0.0967983059054422,97.11847531489796,0.0,0.0,0.0
13,0.09655631014067859,0.09655631014067859,96.90067912661073,0.0,0.0,0.0
14,0.09631491936532689,0.09631491936532689,96.6834274287942,0.0,0.0,0.0
15,0.09607413206691358,0.09607413206691358,96.46671886022222,0.0,0.0,0.0
16,0.09583394673674629,0.09583394673674629,96.25055206307167,0.0,0.0,0.0
17,0.09559436186990443,0.09559436186990443,96.034925682914,0.0,0.0,0.0
18,0.09535537596522967,0.09535537596522967,95.81983836870671,0.0,0.0,0.0
19,0.0951169875253166,0.0951169875253166,95.60528877278495,0.0,0.0,0.0
20,0.0948791950565033,0.0948791950565033,95.39127555085298,0.0,0.0,0.0
21,0.09464199706886205,0.09464199706886205,95.17779736197585,0.0,0.0,0.0
22,0.09440539207618989,0.09440539207618989,94.96485286857092,0.0,0.0,0.0
23,0.09416937859599941,0.09416937859599941,94.75244073639949,0.0,0.0,0.0
24,0.09393395514950942,0.09393395514950942,94.54055963455849,0.0,0.0,0.0
25,0.09369912026163564,0.09369912026163564,94.3292082354721,0.0,0.0,0.0
26,0.09346487246098155,0.09346487246098155,94.11838521488342,0.0,0.0,0.0
27,0.0932312102798291,0.0932312102798291,93.9080892518462,0.0,0.0,0.0
28,0.09299813225412952,0.09299813225412952,93.6983190287166,0.0,0.0,0.0
29,0.0927656369234942,0.0927656369234942,93.4890732311448,0.0,0.0,0.0
30,0.09253372283118547,0.09253372283118547,93.28035054806693,0.0,0.0,0.0
31,0.0923023885241075,0.0923023885241075,93.07214967169676,0.0,0.0,0.0
32,0.09207163255279724,0.09207163255279724,92.86446929751752,0.0,0.0,0.0
33,0.09184145347141524,0.09184145347141524,92.65730812427373,0.0,0.0,0.0
34,0.09161184983773671,0.09161184983773671,92.45066485396305,0.0,0.0,0.0
35,0.09138282021314237,0.09138282021314237,92.24453819182814,0.0,0.0,0.0
36,0.09115436316260951,0.09115436316260951,92.03892684634857,0.0,0.0,0.0
37,0.09092647725470299,0.09092647725470299,91.8338295292327,0.0,0.0,0.0
38,0.09069916106156622,0.09069916106156622,91.62924495540962,0.0,0.0,0.0
39,0.09047241315891232,0.09047241315891232,91.42397277936429,0.003597190970409263,0.0,0.0
40,0.09024623212601504,0.09024623212601504,91.22041284741589,0.00358819799298324,0.0,0.0
41,0.0900206165457,0.0900206165457,91.01736181529735,0.0035792274980007816,0.0,0.0
42,0.08979556500433575,0.08979556500433575,90.8148184107591,0.0035702794292557798,0.0,0.0
43,0.08957107609182491,0.08957107609182491,90.6127813647322,0.0035613537306826404,0.0,0.0
44,0.08934714840159534,0.08934714840159534,90.41124941132037,0.003552450346355934,0.0,0.0
45,0.08912378053059135,0.08912378053059135,90.21022128779207,0.003543569220490044,0.0,0.0
46,0.08890097107926487,0.08890097107926487,90.00969573457259,0.003534710297438819,0.0,0.0
47,0.08867871865156671,0.08867871865156671,89.80967149523616,0.0035258735216952223,0.0,0.0
48,0.08845702185493778,0.08845702185493778,89.61014731649807,0.0035170588378909844,0.0,0.0
49,0.08823587930030044,0.08823587930030044,89.41112194820683,0.003508266190796257,0.0,0.0
50,0.08801528960204968,0.08801528960204968,89.2125941433363,0.0034994955253192664,0.0,0.0
51,0.08779525137804456,0.08779525137804456,89.01456265797796,0.0034907467865059683,0.0,0.0
52,0.08757576324959945,0.08757576324959945,88.81702625133302,0.0034820199195397033,0.0,0.0
53,0.08735682384147546,0.08735682384147546,88.61998368570468,0.003473314869740854,0.0,0.0
54,0.08713843178187176,0.08713843178187176,88.42343372649042,0.0034646315825665017,0.0,0.0
55,0.08692058570241709,0.08692058570241709,88.2273751421742,0.0034559700036100854,0.0,0.0
56,0.08670328423816105,0.08670328423816105,88.03180670431875,0.0034473300786010603,0.0,0.0
57,0.08648652602756565,0.08648652602756565,87.83672718755795,0.0034387117534045576,0.0,0.0
58,0.08627030971249673,0.08627030971249673,87.64213536958906,0.0034301149740210463,0.0,0.0
59,0.08605463393821548,0.08605463393821548,87.44803003116509,0.0034215396865859937,0.0,0.0
60,0.08583949735336995,0.08583949735336995,87.25440995608717,0.0034129858373695286,0.0,0.0
61,0.08562489860998652,0.08562489860998652,87.06127393119695,0.0034044533727761047,0.0,0.0
62,0.08541083636346156,0.08541083636346156,86.86862074636896,0.0033959422393441646,0.0,0.0
63,0.0851973092725529,0.0851973092725529,86.67644919450304,0.0033874523837458042,0.0,0.0
64,0.0849843159993715,0.0849843159993715,86.48475807151678,0.00337898375278644,0.0,0.0
65,0.08477185520937308,0.08477185520937308,86.29354617633798,0.003370536293404474,0.0,0.0
66,0.08455992557134964,0.08455992557134964,86.10281231089714,0.003362109952670963,0.0,0.0
67,0.08434852575742127,0.08434852575742127,85.91255528011989,0.0033537046777892855,0.0,0.0
68,0.08413765444302772,0.08413765444302772,85.72277389191959,0.0033453204160948124,0.0,0.0
69,0.08392731030692015,0.08392731030692015,85.53346695718979,0.0033369571150545754,0.0,0.0
70,0.08371749203115285,0.08371749203115285,85.34463328979682,0.003328614722266939,0.0,0.0
71,0.08350819830107496,0.08350819830107496,85.15627170657233,0.0033202931854612715,0.0,0.0
72,0.08329942780532228,0.08329942780532228,84.9683810273059,0.0033119924524976185,0.0,0.0
73,0.08309117923580897,0.08309117923580897,84.78096007473764,0.0033037124713663746,0.0,0.0
74,0.08288345128771944,0.08288345128771944,84.5940076745508,0.0032954531901879585,0.0,0.0
75,0.08267624265950015,0.08267624265950015,84.40752265536442,0.0032872145572124885,0.0,0.0
76,0.08246955205285139,0.08246955205285139,84.221503848726,0.003278996520819457,0.0,0.0
77,0.08226337817271927,0.08226337817271927,84.03595008910419,0.0032707990295174085,0.0,0.0
78,0.08205771972728747,0.08205771972728747,83.85086021388143,0.003262622031943615,0.0,0.0
79,0.08185257542796925,0.08185257542796925,83.66213876990648,0.0155373457976377,0.0,0.0
80,0.08164794398939933,0.08164794398939933,83.47798342298171,0.015498502433143605,0.0,0.0
81,0.08144382412942583,0.08144382412942583,83.29428846442426,0.015459756177060746,0.0,0.0
82,0.08124021456910227,0.08124021456910227,83.1110527432632,0.015421106786618094,0.0,0.0
83,0.08103711403267952,0.08103711403267952,82.92827511140504,0.01538255401965155,0.0,0.0
84,0.08083452124759782,0.08083452124759782,82.74595442362653,0.01534409763460242,0.0,0.0
85,0.08063243494447883,0.08063243494447883,82.56408953756747,0.015305737390515915,0.0,0.0
86,0.08043085385711764,0.08043085385711764,82.38267931372356,0.015267473047039624,0.0,0.0
87,0.08022977672247485,0.08022977672247485,82.20172261543925,0.015229304364422025,0.0,0.0
88,0.08002920228066866,0.08002920228066866,82.02121830890066,0.01519123110351097,0.0,0.0
89,0.07982912927496699,0.07982912927496699,81.8411652631284,0.015153253025752192,0.0,0.0
90,0.07962955645177958,0.07962955645177958,81.66156234997058,0.015115369893187812,0.0,0.0
91,0.07943048256065013,0.07943048256065013,81.48240844409565,0.015077581468454842,0.0,0.0
92,0.07923190635424851,0.07923190635424851,81.30370242298541,0.015039887514783705,0.0,0.0
93,0.07903382658836289,0.07903382658836289,81.12544316692795,0.015002287795996746,0.0,0.0
94,0.07883624202189198,0.07883624202189198,80.94762955901064,0.014964782076506753,0.0,0.0
95,0.07863915141683725,0.07863915141683725,80.77026048511311,0.014927370121315486,0.0,0.0
96,0.07844255353829516,0.07844255353829516,80.59333483390033,0.014890051696012197,0.0,0.0
97,0.07824644715444942,0.07824644715444942,80.41685149681558,0.014852826566772167,0.0,0.0
98,0.0780508310365633,0.0780508310365633,80.24080936807354,0.014815694500355237,0.0,0.0
99,0.07785570395897189,0.07785570395897189,80.06520734465336,0.01477865526410435,0.0,0.0
100,0.07766106469907445,0.07766106469907445,79.89004432629173,0.01474170862594409,0.0,0.0
101,0.07746691203732677,0.07746691203732677,79.715319215476,0.014704854354379229,0.0,0.0
102,0.07727324475723345,0.07727324475723345,79.54103091743731,0.014668092218493281,0.0,0.0
103,0.07708006164534037,0.07708006164534037,79.36717834014372,0.014631421987947047,0.0,0.0
104,0.07688736149122702,0.07688736149122702,79.19376039429336,0.01459484343297718,0.0,0.0
105,0.07669514308749895,0.07669514308749895,79.02077599330762,0.014558356324394736,0.0,0.0
106,0.0765034052297802,0.0765034052297802,78.84822405332436,0.01452196043358375,0.0,0.0
107,0.07631214671670576,0.07631214671670576,78.67610349319105,0.014485655532499789,0.0,0.0
108,0.076121366349914,0.076121366349914,78.50441323445807,0.014449441393668539,0.0,0.0
109,0.07593106293403921,0.07593106293403921,78.33315220137193,0.014413317790184368,0.0,0.0
110,0.07574123527670412,0.07574123527670412,78.1623193208685,0.014377284495708907,0.0,0.0
111,0.07555188218851236,0.07555188218851236,77.99191352256634,0.014341341284469634,0.0,0.0
112,0.07536300248304108,0.07536300248304108,77.82193373875992,0.01430548793125846,0.0,0.0
113,0.07517459497683347,0.07517459497683347,77.65237890441303,0.014269724211430313,0.0,0.0
114,0.07498665848939139,0.07498665848939139,77.48324795715199,0.014234049900901737,0.0,0.0
115,0.07479919184316791,0.07479919184316791,77.3145398372591,0.014198464776149482,0.0,0.0
116,0.07461219386356,0.07461219386356,77.14625348766596,0.014162968614209109,0.0,0.0
117,0.0744256633789011,0.0744256633789011,76.9783878539468,0.014127561192673586,0.0,0.0
118,0.07423959922045384,0.07423959922045384,76.81094188431193,0.014092242289691902,0.0,0.0
119,0.0740540002224027,0.0740540002224027,76.64391452960115,0.014057011683967672,0.0,0.0
120,0.0738688652218467,0.0738688652218467,76.47730474327714,0.014021869154757753,0.0,0.0
121,0.07368419305879208,0.07368419305879208,76.31111148141895,0.013986814481870858,0.0,0.0
122,0.0734999825761451,0.0734999825761451,76.1453337027154,0.013951847445666181,0.0,0.0
123,0.07331623261970473,0.07331623261970473,75.97997036845862,0.013916967827052016,0.0,0.0
124,0.07313294203815547,0.07313294203815547,75.81502044253747,0.013882175407484387,0.0,0.0
125,0.07295010968306008,0.07295010968306008,75.65048289143112,0.013847469968965676,0.0,0.0
126,0.07276773440885242,0.07276773440885242,75.48635668420255,0.013812851294043261,0.0,0.0
127,0.0725858150728303,0.0725858150728303,75.32264079249204,0.013778319165808153,0.0,0.0
128,0.07240435053514822,0.07240435053514822,75.1593341905108,0.013743873367893632,0.0,0.0
129,0.07222333965881035,0.07222333965881035,74.99643585503453,0.013709513684473899,0.0,0.0
130,0.07204278130966332,0.07204278130966332,74.83394476539695,0.013675239900262714,0.0,0.0
131,0.07186267435638917,0.07186267435638917,74.67185990348345,0.013641051800512057,0.0,0.0
132,0.0716830176704982,0.0716830176704982,74.51018025372474,0.013606949171010777,0.0,0.0
133,0.07150381012632195,0.07150381012632195,74.34890480309043,0.01357293179808325,0.0,0.0
134,0.07132505060100615,0.07132505060100615,74.1880325410827,0.013538999468588043,0.0,0.0
135,0.07114673797450363,0.07114673797450363,74.02756245972999,0.013505151969916572,0.0,0.0
136,0.07096887112956737,0.07096887112956737,73.86749355358067,0.013471389089991782,0.0,0.0
137,0.07079144895174345,0.07079144895174345,73.70782481969673,0.013437710617266802,0.0,0.0
138,0.07061447032936409,0.07061447032936409,73.54855525764748,0.013404116340723636,0.0,0.0
139,0.07043793415354067,0.07043793415354067,73.38968386950336,0.013370606049871827,0.0,0.0
140,0.07026183931815683,0.07026183931815683,73.2312096598296,0.013337179534747147,0.0,0.0
141,0.07008618471986143,0.07008618471986143,73.07313163568003,0.01330383658591028,0.0,0.0
142,0.06991096925806177,0.06991096925806177,72.91544880659083,0.013270576994445504,0.0,0.0
143,0.06973619183491661,0.06973619183491661,72.75816018457435,0.013237400551959391,0.0,0.0
144,0.06956185135532932,0.06956185135532932,72.59824315608192,0.022269191143564564,0.0,0.0
145,0.06938794672694099,0.06938794672694099,72.44174754819171,0.022213518165705652,0.0,0.0
146,0.06921447686012364,0.06921447686012364,72.28564317932124,0.022157984370291386,0.0,0.0
147,0.06904144066797333,0.06904144066797333,72.12992907137294,0.02210258940936566,0.0,0.0
148,0.0688688370663034,0.0688688370663034,71.9746042486945,0.022047332935842243,0.0,0.0
149,0.06869666497363763,0.06869666497363763,71.81966773807277,0.021992214603502636,0.0,0.0
150,0.06852492331120354,0.06852492331120354,71.66511856872758,0.02193723406699388,0.0,0.0
151,0.06835361100292553,0.06835361100292553,71.51095577230576,0.021882390981826396,0.0,0.0
152,0.06818272697541822,0.06818272697541822,71.357178382875,0.02182768500437183,0.0,0.0
153,0.06801227015797967,0.06801227015797967,71.20378543691781,0.0217731157918609,0.0,0.0
154,0.06784223948258472,0.06784223948258472,71.04928354866692,0.026195956978191222,0.0,0.0
155,0.06767263388387826,0.06767263388387826,70.89666033979525,0.026130467085745745,0.0,0.0
156,0.06750345229916856,0.06750345229916856,70.74441868894576,0.02606514091803138,0.0,0.0
157,0.06733469366842064,0.06733469366842064,70.5925576422234,0.025999978065736302,0.0,0.0
158,0.06716635693424959,0.06716635693424959,70.44107624811784,0.02593497812057196,0.0,0.0
159,0.06699844104191396,0.06699844104191396,70.28997355749755,0.02587014067527053,0.0,0.0
160,0.06683094493930918,0.06683094493930918,70.1392486236038,0.025805465323582355,0.0,0.0
161,0.0666638675769609,0.0666638675769609,69.9889005020448,0.0257409516602734,0.0,0.0
162,0.0664972079080185,0.0664972079080185,69.83892825078969,0.025676599281122717,0.0,0.0
163,0.06633096488824845,0.06633096488824845,69.68933093016271,0.02561240778291991,0.0,0.0
164,0.06616513747602783,0.06616513747602783,69.54010760283731,0.02554837676346261,0.0,0.0
165,0.06599972463233776,0.06599972463233776,69.39125733383021,0.025484505821553954,0.0,0.0
166,0.06583472532075692,0.06583472532075692,69.24277919049564,0.02542079455700007,0.0,0.0
167,0.06567013850745503,0.06567013850745503,69.0946722425194,0.02535724257060757,0.0,0.0
168,0.06550596316118638,0.06550596316118638,68.9469355619131,0.02529384946418105,0.0,0.0
169,0.06534219825328341,0.06534219825328341,68.79956822300831,0.0252306148405206,0.0,0.0
170,0.06517884275765021,0.06517884275765021,68.65256930245079,0.025167538303419296,0.0,0.0
171,0.06501589565075608,0.06501589565075608,68.50593787919466,0.025104619457660748,0.0,0.0
172,0.06485335591162919,0.06485335591162919,68.35967303449668,0.025041857909016595,0.0,0.0
173,0.06469122252185011,0.06469122252185011,68.21377385191043,0.024979253264244054,0.0,0.0
174,0.06452949446554548,0.06452949446554548,68.06823941728065,0.024916805131083443,0.0,0.0
175,0.06436817072938163,0.06436817072938163,67.92306881873745,0.024854513118255733,0.0,0.0
176,0.06420725030255817,0.06420725030255817,67.77826114669061,0.024792376835460095,0.0,0.0
177,0.06404673217680178,0.06404673217680178,67.63381549382389,0.024730395893371445,0.0,0.0
178,0.06388661534635977,0.06388661534635977,67.48973095508933,0.024668569903638016,0.0,0.0
179,0.06372689880799387,0.06372689880799387,67.3460066277016,0.02460689847887892,0.0,0.0
180,0.06356758156097389,0.06356758156097389,67.20264161113235,0.024545381232681723,0.0,0.0
181,0.06340866260707145,0.06340866260707145,67.05963500710452,0.024484017779600017,0.0,0.0
182,0.06325014095055377,0.06325014095055377,66.91698591958675,0.024422807735151018,0.0,0.0
183,0.06309201559817738,0.06309201559817738,66.77469345478778,0.02436175071581314,0.0,0.0
184,0.06293428555918194,0.06293428555918194,66.63275672115081,0.024300846339023605,0.0,0.0
185,0.062776949845284,0.062776949845284,66.49117482934794,0.024240094223176047,0.0,0.0
186,0.06262000747067079,0.06262000747067079,66.34994689227457,0.02417949398761811,0.0,0.0
187,0.06246345745199411,0.06246345745199411,66.20907202504388,0.024119045252649064,0.0,0.0
188,0.06230729880836412,0.06230729880836412,66.06854934498126,0.02405874763951744,0.0,0.0
189,0.06215153056134321,0.06215153056134321,65.92837797161881,0.023998600770418647,0.0,0.0
190,0.06199615173493985,0.06199615173493985,65.78855702668977,0.023938604268492602,0.0,0.0
191,0.061841161355602504,0.061841161355602504,65.64908563412305,0.023878757757821372,0.0,0.0
192,0.0616865584522135,0.0616865584522135,65.50996292003775,0.02381906086342682,0.0,0.0
193,0.06153234205608296,0.06153234205608296,65.37118801273766,0.023759513211268252,0.0,0.0
194,0.06137851120094275,0.06137851120094275,65.23276004270582,0.02370011442824008,0.0,0.0
195,0.06122506492294039,0.06122506492294039,65.09250324108628,0.03016556868052557,0.0,0.0
196,0.06107200226063304,0.06107200226063304,64.95123586577628,0.040698506380641014,0.0,0.0
197,0.06091932225498146,0.06091932225498146,64.81385777611185,0.04059676011468941,0.0,0.0
198,0.060767023949344,0.060767023949344,64.67682313167157,0.04049526821440269,0.0,0.0
199,0.060615106389470645,0.060615106389470645,64.54013107384239,0.040394030043866685,0.0,0.0
200,0.06046356862349697,0.06046356862349697,64.40378074615778,0.04029304496875702,0.0,0.0
201,0.06031240970193823,0.06031240970193823,64.26777129429239,0.04019231235633513,0.0,0.0
202,0.06016162867768338,0.06016162867768338,64.13210186605666,0.04009183157544429,0.0,0.0
203,0.06001122460598918,0.06001122460598918,63.994603790299514,0.04649506527251198,0.0,0.0
204,0.05986119654447421,0.05986119654447421,63.85961728082376,0.0463788276093307,0.0,0.0
205,0.05971154355311302,0.05971154355311302,63.7249682376217,0.046262880540307375,0.0,0.0
206,0.05956226469423024,0.05956226469423024,63.590655817027645,0.04614722333895661,0.0,0.0
207,0.059413359032494666,0.059413359032494666,63.45667917748508,0.04603185528060921,0.0,0.0
208,0.05926482563491343,0.05926482563491343,63.32303747954136,0.04591677564240769,0.0,0.0
209,0.05911666357082614,0.05911666357082614,63.18972988584251,0.04580198370330167,0.0,0.0
210,0.058968871911899076,0.058968871911899076,63.0567555611279,0.045687478744043414,0.0,0.0
211,0.05882144973211933,0.05882144973211933,62.92411367222508,0.0455732600471833,0.0,0.0
212,0.05867439610778903,0.05867439610778903,62.79180338804452,0.04545932689706535,0.0,0.0
213,0.05852771011751956,0.05852771011751956,62.65796682591372,0.05091683956189806,0.0,0.0
214,0.05838139084222576,0.05838139084222576,62.526321908848935,0.050789547462993315,0.0,0.0
215,0.05823543736512019,0.05823543736512019,62.39500610407681,0.05066257359433583,0.0,0.0
216,0.05808984877170739,0.05808984877170739,62.26401858881662,0.05053591716035,0.0,0.0
217,0.05794462414977812,0.05794462414977812,62.133358542344574,0.050409577367449124,0.0,0.0
218,0.057799762589403676,0.057799762589403676,62.003025145988715,0.0502835534240305,0.0,0.0
219,0.05765526318293017,0.05765526318293017,61.87301758312374,0.050157844540470425,0.0,0.0
220,0.057511125024972846,0.057511125024972846,61.74333503916593,0.050032449929119246,0.0,0.0
221,0.057367347212410415,0.057367347212410415,61.61397670156801,0.04990736880429645,0.0,0.0
222,0.057223928844379386,0.057223928844379386,61.48494175981409,0.049782600382285706,0.0,0.0
223,0.057080869022268436,0.057080869022268436,61.35622940541456,0.04965814388132999,0.0,0.0
224,0.056938166849712764,0.056938166849712764,61.227838831901025,0.04953399852162667,0.0,0.0
225,0.05679582143258848,0.05679582143258848,61.099769234821274,0.049410163525322605,0.0,0.0
226,0.05665383187900701,0.05665383187900701,60.97201981173422,0.049286638116509296,0.0,0.0
227,0.05651219729930949,0.05651219729930949,60.84458976220488,0.049163421521218026,0.0,0.0
228,0.05637091680606121,0.05637091680606121,60.71747828779937,0.04904051296741498,0.0,0.0
229,0.05622998951404606,0.05622998951404606,60.590684592079874,0.04891791168499644,0.0,0.0
230,0.056089414540260944,0.056089414540260944,60.46420788059967,0.048795616905783955,0.0,0.0
231,0.05594919100391029,0.05594919100391029,60.33804736089817,0.048673627863519496,0.0,0.0
232,0.05580931802640052,0.05580931802640052,60.21220224249593,0.0485519437938607,0.0,0.0
233,0.055669794731334515,0.055669794731334515,60.086671736889684,0.048430563934376045,0.0,0.0
234,0.05553062024450618,0.05553062024450618,59.96145505754746,0.048309487524540104,0.0,0.0
235,0.055391793693894915,0.055391793693894915,59.83655141990359,0.048188713805728756,0.0,0.0
236,0.055253314209660176,0.055253314209660176,59.711960041353834,0.04806824202121444,0.0,0.0
237,0.055115180924136024,0.055115180924136024,59.58768014125045,0.0479480714161614,0.0,0.0
238,0.05497739297182568,0.05497739297182568,59.46371094089733,0.04782820123762099,0.0,0.0
239,0.05483994948939612,0.05483994948939612,59.34005166354508,0.04770863073452694,0.0,0.0
240,0.05470284961567263,0.05470284961567263,59.21670153438622,0.04758935915769062,0.0,0.0
241,0.054566092491633446,0.054566092491633446,59.093659780550254,0.047470385759796396,0.0,0.0
242,0.05442967726040436,0.05442967726040436,58.97092563109888,0.04735170979539691,0.0,0.0
243,0.05429360306725335,0.05429360306725335,58.84849831702113,0.04723333052090842,0.0,0.0
244,0.054157869059585216,0.054157869059585216,58.726377071228576,0.04711524719460615,0.0,0.0
245,0.054022474386936255,0.054022474386936255,58.60456112855051,0.04699745907661963,0.0,0.0
246,0.053887418200968915,0.053887418200968915,58.48304972572913,0.04687996542892808,0.0,0.0
247,0.053752699655466495,0.053752699655466495,58.36184210141481,0.04676276551535576,0.0,0.0
248,0.05361831790632783,0.05361831790632783,58.24093749616127,0.04664585860156737,0.0,0.0
249,0.05348427211156201,0.05348427211156201,58.12033515242087,0.04652924395506345,0.0,0.0
250,0.053350561431283104,0.053350561431283104,58.00003431453982,0.046412920845175794,0.0,0.0
251,0.053217185027704894,0.053217185027704894,57.880034228753466,0.04629688854306285,0.0,0.0
252,0.053084142065135634,0.053084142065135634,57.76033414318158,0.046181146321705197,0.0,0.0
253,0.052951431709972796,0.052951431709972796,57.64093330782363,0.04606569345590093,0.0,0.0
254,0.05281905313069787,0.05281905313069787,57.52183097455407,0.04595052922226118,0.0,0.0
255,0.05268700549787112,0.05268700549787112,57.403026397117685,0.04583565289920553,0.0,0.0
256,0.052555287984126446,0.052555287984126446,57.28451883112489,0.04572106376695751,0.0,0.0
257,0.05242389976416613,0.05242389976416613,57.16630753404708,0.04560676110754012,0.0,0.0
258,0.05229284001475571,0.05229284001475571,57.04839176521196,0.04549274420477127,0.0,0.0
259,0.05216210791471882,0.05216210791471882,56.93077078579893,0.04537901234425934,0.0,0.0
260,0.052031702644932024,0.052031702644932024,56.81344385883443,0.04526556481339869,0.0,0.0
261,0.0519016233883197,0.0519016233883197,56.696410249187345,0.04515240090136519,0.0,0.0
262,0.051771869329848896,0.051771869329848896,56.57966922356437,0.04503951989911178,0.0,0.0
263,0.05164243965652427,0.05164243965652427,56.46322005050546,0.044926921099364,0.0,0.0
264,0.05151333355738296,0.05151333355738296,56.347062000379196,0.04481460379661559,0.0,0.0
265,0.051384550223489506,0.051384550223489506,56.23119434537825,0.044702567287124045,0.0,0.0
266,0.05125608884793078,0.05125608884793078,56.1156163595148,0.04459081086890623,0.0,0.0
267,0.05112794862581095,0.05112794862581095,56.000327318616016,0.04447933384173397,0.0,0.0
268,0.05100012875424642,0.05100012875424642,55.88532650031948,0.04436813550712963,0.0,0.0
269,0.0508726284323608,0.0508726284323608,55.77061318406868,0.044257215168361806,0.0,0.0
270,0.0507454468612799,0.0507454468612799,55.656186651108506,0.0441465721304409,0.0,0.0
271,0.0506185832441267,0.0506185832441267,55.54204618448073,0.0440362057001148,0.0,0.0
272,0.05049203678601638,0.05049203678601638,55.42819106901953,0.04392611518586451,0.0,0.0
273,0.05036580669405134,0.05036580669405134,55.31462059134699,0.043816299897899855,0.0,0.0
274,0.05023989217731621,0.05023989217731621,55.20133403986862,0.043706759148155104,0.0,0.0
275,0.05011429244687292,0.05011429244687292,55.08833070476895,0.04359749225028472,0.0,0.0
276,0.049989006715755735,0.049989006715755735,54.97560987800703,0.043488498519659004,0.0,0.0
277,0.049864034198966345,0.049864034198966345,54.860640442589016,0.05097100944233832,0.0,0.0
278,0.04973937411346893,0.04973937411346893,54.74848884148254,0.05084358191873248,0.0,0.0
279,0.04961502567818526,0.04961502567818526,54.63661761937883,0.050716472963935645,0.0,0.0
280,0.049490988113989796,0.049490988113989796,54.52502607533039,0.05058968178152581,0.0,0.0
281,0.04936726064370482,0.04936726064370482,54.41371351014206,0.05046320757707199,0.0,0.0
282,0.04924384249209556,0.04924384249209556,54.302679226366706,0.05033704955812931,0.0,0.0
283,0.049120732885865326,0.049120732885865326,54.191922528300786,0.05021120693423398,0.0,0.0
284,0.04899793105365066,0.04899793105365066,54.08144272198003,0.0500856789168984,0.0,0.0
285,0.04887543622601653,0.04887543622601653,53.97123911517508,0.049960464719606155,0.0,0.0
286,0.04875324763545149,0.04875324763545149,53.861311017387145,0.04983556355780714,0.0,0.0
287,0.04863136451636286,0.04863136451636286,53.75165773984368,0.04971097464891262,0.0,0.0
288,0.04850978610507195,0.04850978610507195,53.64227859549407,0.049586697212290344,0.0,0.0
289,0.04838851163980927,0.04838851163980927,53.533172899005336,0.04946273046925962,0.0,0.0
290,0.048267540360709744,0.048267540360709744,53.42433996675782,0.04933907364308647,0.0,0.0
291,0.04814687150980797,0.04814687150980797,53.31577911684093,0.04921572595897875,0.0,0.0
292,0.04802650433103345,0.04802650433103345,53.207489669048826,0.049092686644081306,0.0,0.0
293,0.047906438070205865,0.047906438070205865,53.0994709448762,0.0489699549274711,0.0,0.0
294,0.04778667197503035,0.04778667197503035,52.991722267514014,0.04884753004015242,0.0,0.0
295,0.047667205295092774,0.047667205295092774,52.88424296184523,0.04872541121505204,0.0,0.0
296,0.04754803728185504,0.04754803728185504,52.77703235444062,0.04860359768701441,0.0,0.0
297,0.0474291671886504,0.0474291671886504,52.67008977355452,0.048482088692796875,0.0,0.0
298,0.047310594270678775,0.047310594270678775,52.56341454912064,0.04836088347106488,0.0,0.0
299,0.04719231778500208,0.04719231778500208,52.45700601274783,0.04823998126238722,0.0,0.0
300,0.047074336990539575,0.047074336990539575,52.35086349771596,0.04811938130923125,0.0,0.0
301,0.04695665114806322,0.04695665114806322,52.24498633897167,0.04799908285595817,0.0,0.0
302,0.04683925952019306,0.04683925952019306,52.13937387312424,0.04787908514881827,0.0,0.0
303,0.04672216137139258,0.04672216137139258,52.03402543844143,0.047759387435946224,0.0,0.0
304,0.0466053559679641,0.0466053559679641,51.928940374845325,0.047639988967356356,0.0,0.0
305,0.04648884257804419,0.04648884257804419,51.82411802390821,0.04752088899493796,0.0,0.0
306,0.04637262047159908,0.04637262047159908,51.71955772884844,0.04740208677245062,0.0,0.0
307,0.046256688920420085,0.046256688920420085,51.61525883452632,0.0472835815555195,0.0,0.0
308,0.04614104719811903,0.04614104719811903,51.51122068744001,0.0471653726016307,0.0,0.0
309,0.04602569458012373,0.04602569458012373,51.40744263572141,0.04704745917012662,0.0,0.0
310,0.045910630343673424,0.045910630343673424,51.303924029132105,0.046929840522201303,0.0,0.0
311,0.04579585376781424,0.04579585376781424,51.20066421905928,0.0468125159208958,0.0,0.0
312,0.04568136413339471,0.04568136413339471,51.09766255851163,0.04669548463109356,0.0,0.0
313,0.04556716072306122,0.04556716072306122,50.99491840211535,0.04657874591951583,0.0,0.0
314,0.04545324282125356,0.04545324282125356,50.89136671263981,0.049655479465493715,0.0,0.0
315,0.04533960971420043,0.04533960971420043,50.78913829585821,0.04953134076682998,0.0,0.0
316,0.04522626068991493,0.04522626068991493,50.68716545011856,0.0494075124149129,0.0,0.0
317,0.04511319503819014,0.04511319503819014,50.58544753649327,0.049283993633875624,0.0,0.0
318,0.045000412050594664,0.045000412050594664,50.48398391765204,0.049160783649790936,0.0,0.0
319,0.04488791102046818,0.04488791102046818,50.38277395785791,0.04903788169066646,0.0,0.0
320,0.044775691242917005,0.044775691242917005,50.28181702296326,0.04891528698643979,0.0,0.0
321,0.04466375201480971,0.04466375201480971,50.18111248040585,0.048792998768973694,0.0,0.0
322,0.04455209263477269,0.04455209263477269,50.08065969920484,0.04867101627205126,0.0,0.0
323,0.044440712403185756,0.044440712403185756,49.98045804995682,0.048549338731371135,0.0,0.0
324,0.044329610622177794,0.044329610622177794,49.88050690483193,0.04842796538454271,0.0,0.0
325,0.044218786595622346,0.044218786595622346,49.780805637569856,0.04830689547108135,0.0,0.0
326,0.04410823962913329,0.04410823962913329,49.68135362347593,0.04818612823240365,0.0,0.0
327,0.04399796903006045,0.04399796903006045,49.58215023941724,0.04806566291182264,0.0,0.0
328,0.0438879741074853,0.0438879741074853,49.483194863818696,0.047945498754543084,0.0,0.0
329,0.04377825417221659,0.04377825417221659,49.384486876659146,0.04782563500765673,0.0,0.0
330,0.04366880853678605,0.04366880853678605,49.2860256594675,0.04770607092013759,0.0,0.0
331,0.04355963651544408,0.04355963651544408,49.18781059531883,0.047586805742837246,0.0,0.0
332,0.04345073742415547,0.04345073742415547,49.08984106883053,0.04746783872848015,0.0,0.0
333,0.04334211058059508,0.04334211058059508,48.99211646615846,0.04734916913165895,0.0,0.0
334,0.04323375530414359,0.04323375530414359,48.89463617499306,0.047230796208829806,0.0,0.0
335,0.043125670915883235,0.043125670915883235,48.79739958455558,0.04711271921830773,0.0,0.0
336,0.04301785673859353,0.04301785673859353,48.70040608559419,0.04699493742026196,0.0,0.0
337,0.04291031209674704,0.04291031209674704,48.603655070380206,0.046877450076711305,0.0,0.0
338,0.04280303631650517,0.04280303631650517,48.507145932704255,0.04676025645151953,0.0,0.0
339,0.04269602872571391,0.04269602872571391,48.410878067872495,0.04664335581039073,0.0,0.0
340,0.042589288653899625,0.042589288653899625,48.31485087270281,0.04652674742086475,0.0,0.0
341,0.04248281543226488,0.04248281543226488,48.219063745521055,0.046410430552312594,0.0,0.0
342,0.04237660839368421,0.04237660839368421,48.12351608615725,0.04629440447593181,0.0,0.0
343,0.0422706668727,0.0422706668727,48.02820729594186,0.04617866846474198,0.0,0.0
344,0.04216499020551825,0.04216499020551825,47.933136777702,0.04606322179358013,0.0,0.0
345,0.042059577730004453,0.042059577730004453,47.83830393575775,0.04594806373909618,0.0,0.0
346,0.04195442878567944,0.04195442878567944,47.74370817591836,0.04583319357974844,0.0,0.0
347,0.04184954271371524,0.04184954271371524,47.64934890547856,0.04571861059579907,0.0,0.0
348,0.041744918856930956,0.041744918856930956,47.555225533214866,0.04560431406930957,0.0,0.0
349,0.04164055655978863,0.04164055655978863,47.46133746938183,0.0454903032841363,0.0,0.0
350,0.04153645516838916,0.04153645516838916,47.36768412570838,0.04537657752592596,0.0,0.0
351,0.04143261403046818,0.04143261403046818,47.274264915394106,0.04526313608211114,0.0,0.0
352,0.041329032495392014,0.041329032495392014,47.18107925310562,0.045149978241905864,0.0,0.0
353,0.04122570991415354,0.04122570991415354,47.08812655497286,0.0450371032963011,0.0,0.0
354,0.041122645639368155,0.041122645639368155,46.995406238585424,0.04492451053806035,0.0,0.0
355,0.04101983902526973,0.04101983902526973,46.90291772298896,0.044812199261715195,0.0,0.0
356,0.04091728942770656,0.04091728942770656,46.81066042868149,0.04470016876356091,0.0,0.0
357,0.0408149962041373,0.0408149962041373,46.71863377760978,0.044588418341652,0.0,0.0
358,0.04071295871362696,0.04071295871362696,46.626837193165755,0.044476947295797875,0.0,0.0
359,0.04061117631684289,0.04061117631684289,46.53527010018284,0.04436575492755838,0.0,0.0
360,0.04050964837605078,0.04050964837605078,46.443931924932386,0.04425484054023948,0.0,0.0
361,0.04040837425511066,0.04040837425511066,46.352822095120054,0.044144203438888883,0.0,0.0
362,0.04030735331947288,0.04030735331947288,46.261940039882255,0.04403384293029166,0.0,0.0
363,0.0402065849361742,0.0402065849361742,46.17128518978255,0.04392375832296593,0.0,0.0
364,0.04010606847383376,0.04010606847383376,46.08085697680809,0.043813948927158515,0.0,0.0
365,0.040005803302649176,0.040005803302649176,45.990654834366076,0.04370441405484062,0.0,0.0
366,0.039905788794392556,0.039905788794392556,45.90067819728016,0.04359515301970352,0.0,0.0
367,0.039806024322406576,0.039806024322406576,45.81092650178696,0.04348616513715426,0.0,0.0
368,0.03970650926160056,0.03970650926160056,45.72139918553249,0.04337744972431137,0.0,0.0
369,0.03960724298844656,0.03960724298844656,45.63209568756866,0.0432690061000006,0.0,0.0
370,0.03950822488097545,0.03950822488097545,45.543015448349735,0.0431608335847506,0.0,0.0
371,0.03940945431877301,0.03940945431877301,45.45415790972886,0.04305293150078872,0.0,0.0
372,0.03931093068297608,0.03931093068297608,45.36552251495454,0.042945299172036745,0.0,0.0
373,0.03921265335626864,0.03921265335626864,45.27710870866716,0.04283793592410665,0.0,0.0
374,0.03911462172287797,0.03911462172287797,45.18891593689549,0.04273084108429639,0.0,0.0
375,0.039016835168570775,0.039016835168570775,45.10094364705325,0.04262401398158565,0.0,0.0
376,0.03891929308064935,0.03891929308064935,45.01319128793562,0.042517453946631686,0.0,0.0
377,0.038821994847947724,0.038821994847947724,44.92565830971578,0.04241116031176511,0.0,0.0
378,0.03872493986082785,0.03872493986082785,44.83834416394149,0.0423051324109857,0.0,0.0
379,0.03862812751117578,0.03862812751117578,44.75124830353164,0.042199369579958235,0.0,0.0
380,0.03853155719239784,0.03853155719239784,44.664370182772814,0.042093871156008336,0.0,0.0
381,0.03843522829941685,0.03843522829941685,44.57770925731588,0.04198863647811832,0.0,0.0
382,0.03833914022866831,0.03833914022866831,44.49126498417259,0.04188366488692302,0.0,0.0
383,0.038243292378096636,0.038243292378096636,44.40503682171216,0.04177895572470571,0.0,0.0
384,0.038147684147151396,0.038147684147151396,44.31902422965788,0.04167450833539395,0.0,0.0
385,0.038052314936783516,0.038052314936783516,44.233226669083734,0.041570322064555465,0.0,0.0
386,0.037957184149441554,0.037957184149441554,44.14764360241102,0.04146639625939408,0.0,0.0
387,0.03786229118906795,0.03786229118906795,44.06227449340499,0.041362730268745596,0.0,0.0
388,0.03776763546109528,0.03776763546109528,43.97711880717148,0.04125932344307373,0.0,0.0
389,0.037673216372442545,0.037673216372442545,43.89217601015355,0.041156175134466046,0.0,0.0
390,0.03757903333151144,0.03757903333151144,43.807445570128166,0.04105328469662988,0.0,0.0
391,0.03748508574818266,0.03748508574818266,43.72292695620285,0.04095065148488831,0.0,0.0
392,0.03739137303381221,0.03739137303381221,43.638619638812344,0.040848274856176085,0.0,0.0
393,0.03729789460122768,0.03729789460122768,43.55452308971531,0.040746154169035646,0.0,0.0
394,0.03720464986472461,0.03720464986472461,43.470636781991026,0.04064428878361306,0.0,0.0
395,0.0371116382400628,0.0371116382400628,43.38696019003605,0.04054267806165403,0.0,0.0
396,0.037018859144462644,0.037018859144462644,43.30349278956096,0.040441321366499895,0.0,0.0
397,0.036926311996601485,0.036926311996601485,43.220234057587064,0.04034021806308365,0.0,0.0
398,0.03683399621660998,0.03683399621660998,43.1371834724431,0.040239367517925936,0.0,0.0
399,0.03674191122606846,0.03674191122606846,43.05434051376199,0.040138769099131125,0.0,0.0
400,0.03665005644800329,0.03665005644800329,42.971704662477585,0.040038422176383294,0.0,0.0
401,0.03655843130688328,0.03655843130688328,42.88927540082139,0.039938326120942336,0.0,0.0
402,0.03646703522861607,0.03646703522861607,42.807052212319334,0.03983848030563998,0.0,0.0
403,0.03637586764054453,0.03637586764054453,42.725034581788535,0.03973888410487588,0.0,0.0
404,0.03628492797144317,0.03628492797144317,42.643221995334066,0.03963953689461369,0.0,0.0
405,0.03619421565151456,0.03619421565151456,42.56161394034573,0.039540438052377155,0.0,0.0
406,0.036103730112385775,0.036103730112385775,42.48020990549487,0.039441586957246214,0.0,0.0
407,0.03601347078710481,0.03601347078710481,42.39900938073113,0.0393429829898531,0.0,0.0
408,0.03592343711013705,0.03592343711013705,42.3180118572793,0.039244625532378466,0.0,0.0
409,0.03583362851736171,0.03583362851736171,42.237216827636104,0.03914651396854752,0.0,0.0
410,0.0357440444460683,0.0357440444460683,42.156623785567014,0.039048647683626155,0.0,0.0
411,0.035654684334953134,0.035654684334953134,42.076232226103095,0.03895102606441709,0.0,0.0
412,0.03556554762411575,0.03556554762411575,41.99604164553784,0.038853648499256044,0.0,0.0
413,0.035476633755055456,0.035476633755055456,41.91605154142399,0.0387565143780079,0.0,0.0
414,0.03538794217066782,0.03538794217066782,41.83626141257043,0.03865962309206288,0.0,0.0
415,0.03529947231524115,0.03529947231524115,41.756670759039004,0.038562974034332724,0.0,0.0
416,0.035211223634453045,0.035211223634453045,41.67616250935418,0.04181628496093142,0.0,0.0
417,0.03512319557536691,0.03512319557536691,41.596972103080795,0.04171174424852909,0.0,0.0
418,0.03503538758642849,0.03503538758642849,41.517979672823095,0.041607464887907765,0.0,0.0
419,0.034947799117462416,0.034947799117462416,41.439184723641034,0.041503446225687995,0.0,0.0
420,0.03486042961966876,0.03486042961966876,41.36058676183193,0.041399687610123775,0.0,0.0
421,0.03477327854561959,0.03477327854561959,41.28218529492735,0.041296188391098464,0.0,0.0
422,0.03468634534925554,0.03468634534925554,41.203979831690035,0.041192947920120716,0.0,0.0
423,0.034599629485882404,0.034599629485882404,41.12596988211081,0.04108996555032041,0.0,0.0
424,0.0345131304121677,0.0345131304121677,41.04815495740553,0.04098724063644461,0.0,0.0
425,0.03442684758613728,0.03442684758613728,40.97053457001201,0.0408847725348535,0.0,0.0
426,0.03434078046717194,0.03434078046717194,40.893108233586986,0.04078256060351637,0.0,0.0
427,0.034254928516004014,0.034254928516004014,40.81587546300302,0.04068060420200758,0.0,0.0
428,0.034169291194714006,0.034169291194714006,40.73883577434551,0.040578902691502564,0.0,0.0
429,0.03408386796672722,0.03408386796672722,40.661988684909645,0.04047745543477381,0.0,0.0
430,0.033998658296810404,0.033998658296810404,40.58533371319737,0.04037626179618688,0.0,0.0
431,0.03391366165106838,0.03391366165106838,40.50887037891438,0.04027532114169641,0.0,0.0
432,0.033828877496940704,0.033828877496940704,40.43259820296709,0.040174632838842164,0.0,0.0
433,0.03374430530319835,0.03374430530319835,40.356516707459676,0.04007419625674506,0.0,0.0
434,0.033659944539940354,0.033659944539940354,40.28062541569103,0.0399740107661032,0.0,0.0
435,0.0335757946785905,0.0335757946785905,40.2049238521518,0.03987407573918794,0.0,0.0
436,0.03349185519189403,0.03349185519189403,40.12767316554163,0.04498952148920589,0.0,0.0
437,0.03340812555391429,0.03340812555391429,40.05235398262778,0.044877047685482875,0.0,0.0
438,0.03332460524002951,0.03332460524002951,39.97722309767121,0.04476485506626917,0.0,0.0
439,0.03324129372692944,0.03324129372692944,39.90228003992703,0.044652942928603494,0.0,0.0
440,0.033158190492612115,0.033158190492612115,39.827524339827214,0.04454131057128199,0.0,0.0
441,0.03307529501638058,0.03307529501638058,39.752955528977644,0.04442995729485378,0.0,0.0
442,0.03299260677883963,0.03299260677883963,39.6785731401552,0.04431888240161665,0.0,0.0
443,0.032910125261892534,0.032910125261892534,39.604376707304816,0.044208085195612604,0.0,0.0
444,0.0328278499487378,0.0328278499487378,39.53036576553655,0.04409756498262357,0.0,0.0
445,0.03274578032386596,0.03274578032386596,39.45653985112271,0.043987321070167014,0.0,0.0
446,0.03266391587305629,0.03266391587305629,39.38289850149491,0.0438773527674916,0.0,0.0
447,0.032582256083373645,0.032582256083373645,39.30944125524117,0.04376765938557287,0.0,0.0
448,0.03250080044316521,0.03250080044316521,39.23616765210306,0.04365824023710894,0.0,0.0
449,0.03241954844205729,0.03241954844205729,39.1630772329728,0.04354909463651616,0.0,0.0
450,0.032338499570952146,0.032338499570952146,39.09016953989037,0.04344022189992487,0.0,0.0
451,0.032257653322024765,0.032257653322024765,39.01744411604064,0.04333162134517506,0.0,0.0
452,0.032177009188719706,0.032177009188719706,38.94490050575054,0.043223292291812127,0.0,0.0
453,0.03209656666574791,0.03209656666574791,38.872538254486166,0.0431152340610826,0.0,0.0
454,0.03201632524908354,0.03201632524908354,38.80035690884995,0.04300744597592989,0.0,0.0
455,0.031936284435960825,0.031936284435960825,38.72747894289478,0.045531148410135225,0.0,0.0
456,0.031856443724870925,0.031856443724870925,38.65566024553754,0.045417320539109886,0.0,0.0
457,0.03177680261555875,0.03177680261555875,38.5840210949237,0.04530377723776211,0.0,0.0
458,0.031697360609019856,0.031697360609019856,38.51256104218639,0.045190517794667706,0.0,0.0
459,0.031618117207497305,0.031618117207497305,38.44127963958093,0.045077541500181034,0.0,0.0
460,0.031539071914478564,0.031539071914478564,38.37017644048198,0.044964847646430585,0.0,0.0
461,0.031460224234692365,0.031460224234692365,38.299250999380774,0.04485243552731451,0.0,0.0
462,0.031381573674105635,0.031381573674105635,38.22850287188232,0.04474030443849622,0.0,0.0
463,0.03130311973992037,0.03130311973992037,38.15793161470261,0.04462845367739998,0.0,0.0
464,0.031224861940570572,0.031224861940570572,38.087536785665854,0.04451688254320648,0.0,0.0
465,0.031146799785719145,0.031146799785719145,38.01731794370169,0.04440559033684847,0.0,0.0
466,0.031068932786254846,0.031068932786254846,37.94727464884244,0.044294576361006345,0.0,0.0
467,0.03099126045428921,0.03099126045428921,37.87740646222033,0.04418383992010383,0.0,0.0
468,0.030913782303153486,0.030913782303153486,37.807712946064775,0.04407338032030357,0.0,0.0
469,0.030836497847395603,0.030836497847395603,37.73819366369961,0.04396319686950281,0.0,0.0
470,0.030759406602777112,0.030759406602777112,37.66884817954036,0.043853288877329054,0.0,0.0
471,0.03068250808627017,0.03068250808627017,37.59967605909151,0.04374365565513573,0.0,0.0
472,0.030605801816054493,0.030605801816054493,37.53067686894378,0.04363429651599789,0.0,0.0
473,0.030529287311514358,0.030529287311514358,37.46185017677142,0.0435252107747079,0.0,0.0
474,0.03045296409323557,0.03045296409323557,37.39319555132949,0.043416397747771125,0.0,0.0
475,0.03037683168300248,0.03037683168300248,37.32471256245117,0.043307856753401694,0.0,0.0
476,0.030300889603794973,0.030300889603794973,37.25640078104504,0.04319958711151819,0.0,0.0
477,0.030225137379785487,0.030225137379785487,37.18825977909243,0.043091588143739396,0.0,0.0
478,0.030149574536336023,0.030149574536336023,37.120289129644696,0.042983859173380046,0.0,0.0
479,0.03007420059999518,0.03007420059999518,37.052488406820586,0.0428763995254466,0.0,0.0
480,0.02999901509849519,0.02999901509849519,36.984857185803534,0.04276920852663298,0.0,0.0
481,0.029924017560748955,0.029924017560748955,36.917395042839026,0.0426622855053164,0.0,0.0
482,0.02984920751684708,0.02984920751684708,36.85010155523193,0.04255562979155311,0.0,0.0
483,0.029774584498054965,0.029774584498054965,36.78297630134385,0.04244924071707423,0.0,0.0
484,0.02970014803680983,0.02970014803680983,36.71601886059049,0.04234311761528155,0.0,0.0
485,0.029625897666717804,0.029625897666717804,36.64922881343901,0.04223725982124334,0.0,0.0
486,0.02955183292255101,0.02955183292255101,36.58260574140541,0.042131666671690236,0.0,0.0
487,0.029477953340244632,0.029477953340244632,36.5161492270519,0.04202633750501101,0.0,0.0
488,0.02940425845689402,0.02940425845689402,36.44985885398427,0.04192127166124848,0.0,0.0
489,0.029330747810751786,0.029330747810751786,36.383734206849304,0.04181646848209536,0.0,0.0
490,0.029257420941224906,0.029257420941224906,36.31777487133218,0.04171192731089012,0.0,0.0
491,0.029184277388871843,0.029184277388871843,36.25198043415385,0.0416076474926129,0.0,0.0
492,0.029111316695399663,0.029111316695399663,36.186350483068466,0.041503628373881364,0.0,0.0
493,0.029038538403661163,0.029038538403661163,36.1208846068608,0.04139986930294666,0.0,0.0
494,0.02896594205765201,0.02896594205765201,36.05558239534365,0.04129636962968929,0.0,0.0
495,0.02889352720250788,0.02889352720250788,35.99044343935529,0.04119312870561507,0.0,0.0
496,0.028821293384501612,0.028821293384501612,35.9254673307569,0.04109014588385103,0.0,0.0
497,0.02874924015104036,0.02874924015104036,35.86065366243001,0.0409874205191414,0.0,0.0
498,0.028677367050662757,0.028677367050662757,35.79600202827393,0.040884951967843544,0.0,0.0
499,0.0286056736330361,0.0286056736330361,35.731512023203244,0.04078273958792394,0.0,0.0
500,0.02853415944895351,0.02853415944895351,35.66718324314524,0.040680782738954126,0.0,0.0
501,0.028462824050331126,0.028462824050331126,35.60301528503737,0.04057908078210674,0.0,0.0
502,0.0283916669902053,0.0283916669902053,35.53900774682478,0.04047763308015147,0.0,0.0
503,0.028320687822729784,0.028320687822729784,35.47516022745772,0.04037643899745109,0.0,0.0
504,0.028249886103172958,0.028249886103172958,35.411472326889076,0.04027549789995746,0.0,0.0
505,0.028179261387915027,0.028179261387915027,35.347943646071855,0.04017480915520757,0.0,0.0
506,0.02810881323444524,0.02810881323444524,35.28457378695668,0.04007437213231955,0.0,0.0
507,0.028038541201359127,0.028038541201359127,35.22136235248929,0.03997418620198875,0.0,0.0
508,0.027968444848355728,0.027968444848355728,35.15830894660807,0.03987425073648378,0.0,0.0
509,0.02789852373623484,0.02789852373623484,35.09541317424155,0.03977456510964257,0.0,0.0
510,0.02782877742689425,0.02782877742689425,35.032674641305945,0.03967512869686846,0.0,0.0
511,0.027759205483327016,0.027759205483327016,34.97009295470268,0.039575940875126295,0.0,0.0
512,0.0276898074696187,0.0276898074696187,34.90766772231592,0.03947700102293848,0.0,0.0
513,0.02762058295094465,0.02762058295094465,34.84539855301013,0.039378308520381135,0.0,0.0
514,0.02755153149356729,0.02755153149356729,34.783285056627605,0.03927986274908018,0.0,0.0
515,0.02748265266483337,0.02748265266483337,34.721326843986034,0.039181663092207476,0.0,0.0
516,0.027413946033171287,0.027413946033171287,34.65952352687607,0.039083708934476956,0.0,0.0
517,0.02734541116808836,0.02734541116808836,34.59787471805888,0.038985999662140766,0.0,0.0
518,0.02727704764016814,0.02727704764016814,34.53638003126373,0.03888853466298541,0.0,0.0
519,0.027208855021067718,0.027208855021067718,34.47503908118557,0.03879131332632795,0.0,0.0
520,0.02714083288351505,0.02714083288351505,34.41385148348261,0.03869433504301213,0.0,0.0
521,0.02707298080130626,0.02707298080130626,34.352816854773906,0.0385975992054046,0.0,0.0
522,0.027005298349302997,0.027005298349302997,34.291934812636974,0.03850110520739109,0.0,0.0
523,0.02693778510342974,0.02693778510342974,34.23120497560538,0.03840485244437261,0.0,0.0
524,0.026870440640671164,0.026870440640671164,34.17062696316636,0.03830884031326168,0.0,0.0
525,0.026803264539069487,0.026803264539069487,34.11020039575845,0.038213068212478524,0.0,0.0
526,0.026736256377721812,0.026736256377721812,34.04992489476905,0.03811753554194733,0.0,0.0
527,0.02666941573677751,0.02666941573677751,33.98980008253213,0.03802224170309246,0.0,0.0
528,0.026602742197435567,0.026602742197435567,33.9298255823258,0.03792718609883473,0.0,0.0
529,0.026536235341941977,0.026536235341941977,33.87000101836998,0.03783236813358764,0.0,0.0
530,0.02646989475358712,0.02646989475358712,33.81032601582406,0.03773778721325367,0.0,0.0
531,0.02640372001670315,0.02640372001670315,33.7508002007845,0.03764344274522054,0.0,0.0
532,0.026337710716661394,0.026337710716661394,33.691423200282536,0.03754933413835749,0.0,0.0
533,0.02627186643986974,0.02627186643986974,33.63219464228183,0.0374554608030116,0.0,0.0
534,0.026206186773770065,0.026206186773770065,33.571962327653935,0.0408173062175707,0.0,0.0
535,0.02614067130683564,0.02614067130683564,33.5130324218348,0.04071526295202677,0.0,0.0
536,0.02607531962856855,0.02607531962856855,33.454249840780214,0.040613474794646706,0.0,0.0
537,0.02601013132949713,0.02601013132949713,33.39561421617827,0.04051194110766009,0.0,0.0
538,0.025945106001173387,0.025945106001173387,33.33712518063782,0.04041066125489094,0.0,0.0
539,0.025880243236170452,0.025880243236170452,33.278782367686226,0.04030963460175371,0.0,0.0
540,0.025815542628080026,0.025815542628080026,33.22058541176701,0.04020886051524933,0.0,0.0
541,0.025751003771509826,0.025751003771509826,33.162533948237595,0.0401083383639612,0.0,0.0
542,0.025686626262081052,0.025686626262081052,33.104627613367,0.0400080675180513,0.0,0.0
543,0.02562240969642585,0.02562240969642585,33.04686604433358,0.03990804734925617,0.0,0.0
544,0.025558353672184786,0.025558353672184786,32.98924887922275,0.039808277230883024,0.0,0.0
545,0.025494457788004323,0.025494457788004323,32.931775757024695,0.03970875653780582,0.0,0.0
546,0.025430721643534313,0.025430721643534313,32.874446317632135,0.0396094846464613,0.0,0.0
547,0.025367144839425478,0.025367144839425478,32.81726020183805,0.03951046093484515,0.0,0.0
548,0.025303726977326916,0.025303726977326916,32.760217051333456,0.03941168478250804,0.0,0.0
549,0.025240467659883598,0.025240467659883598,32.70331650870512,0.03931315557055177,0.0,0.0
550,0.02517736649073389,0.02517736649073389,32.64655821743336,0.039214872681625386,0.0,0.0
551,0.025114423074507057,0.025114423074507057,32.589941821889774,0.03911683549992132,0.0,0.0
552,0.02505163701682079,0.02505163701682079,32.53346696733505,0.03901904341117152,0.0,0.0
553,0.024989007924278737,0.024989007924278737,32.477133299916716,0.03892149580264359,0.0,0.0
554,0.024926535404468042,0.024926535404468042,32.42094046666693,0.03882419206313698,0.0,0.0
555,0.024864219065956872,0.024864219065956872,32.36488811550026,0.03872713158297914,0.0,0.0
556,0.02480205851829198,0.02480205851829198,32.3089758952115,0.03863031375402169,0.0,0.0
557,0.02474005337199625,0.02474005337199625,32.253203455473475,0.03853373796963664,0.0,0.0
558,0.02467820323856626,0.02467820323856626,32.19757044683479,0.03843740362471255,0.0,0.0
559,0.024616507730469844,0.024616507730469844,32.1420765207177,0.03834131011565076,0.0,0.0
560,0.02455496646114367,0.02455496646114367,32.08672132941591,0.03824545684036164,0.0,0.0
561,0.02449357904499081,0.02449357904499081,32.03150452609237,0.03814984319826074,0.0,0.0
562,0.024432345097378336,0.024432345097378336,31.97642576477714,0.03805446859026509,0.0,0.0
563,0.02437126423463489,0.02437126423463489,31.9214847003652,0.037959332418789425,0.0,0.0
564,0.024310336074048304,0.024310336074048304,31.866680988614284,0.037864434087742455,0.0,0.0
565,0.024249560233863182,0.024249560233863182,31.812014286142748,0.0377697730025231,0.0,0.0
566,0.024188936333278524,0.024188936333278524,31.757484250427392,0.037675348570016795,0.0,0.0
567,0.024128463992445327,0.024128463992445327,31.703090539801323,0.037581160198591756,0.0,0.0
568,0.024068142832464213,0.024068142832464213,31.64883281345182,0.03748720729809528,0.0,0.0
569,0.02400797247538305,0.02400797247538305,31.59471073141819,0.03739348927985004,0.0,0.0
570,0.023947952544194594,0.023947952544194594,31.540723954589645,0.03730000555665042,0.0,0.0
571,0.02388808266283411,0.02388808266283411,31.48687214470317,0.03720675554275879,0.0,0.0
572,0.023828362456177022,0.023828362456177022,31.433154964341412,0.03711373865390189,0.0,0.0
573,0.02376879155003658,0.02376879155003658,31.379572076930558,0.03702095430726714,0.0,0.0
574,0.023709369571161487,0.023709369571161487,31.32612314673823,0.03692840192149897,0.0,0.0
575,0.023650096147233582,0.023650096147233582,31.272807838871383,0.03683608091669522,0.0,0.0
576,0.0235909709068655,0.0235909709068655,31.219625819274206,0.036743990714403485,0.0,0.0
577,0.023531993479598334,0.023531993479598334,31.16657675472602,0.03665213073761748,0.0,0.0
578,0.023473163495899337,0.023473163495899337,31.113660312839205,0.03656050041077343,0.0,0.0
579,0.02341448058715959,0.02341448058715959,31.060876162057106,0.0364690991597465,0.0,0.0
580,0.02335594438569169,0.02335594438569169,31.00822397165196,0.03637792641184713,0.0,0.0
581,0.02329755452472746,0.02329755452472746,30.955703411722833,0.036286981595817516,0.0,0.0
582,0.023239310638415642,0.023239310638415642,30.903314153193527,0.03619626414182797,0.0,0.0
583,0.0231812123618196,0.0231812123618196,30.850210714401165,0.038641233709613164,0.0,0.0
584,0.023123259330915052,0.023123259330915052,30.79808518761516,0.03854463062533913,0.0,0.0
585,0.023065451182587765,0.023065451182587765,30.74608997464612,0.03844826904877578,0.0,0.0
586,0.023007787554631294,0.023007787554631294,30.694224749709505,0.03835214837615384,0.0,0.0
587,0.022950268085744716,0.022950268085744716,30.64248918783523,0.03825626800521346,0.0,0.0
588,0.022892892415530355,0.022892892415530355,30.590882964865642,0.038160627335200425,0.0,0.0
589,0.02283566018449153,0.02283566018449153,30.53940575745348,0.03806522576686242,0.0,0.0
590,0.0227785710340303,0.0227785710340303,30.488057243059846,0.03797006270244527,0.0,0.0
591,0.022721624606445223,0.022721624606445223,30.436837099952196,0.03787513754568916,0.0,0.0
592,0.02266482054492911,0.02266482054492911,30.385745007202317,0.03778044970182493,0.0,0.0
593,0.022608158493566788,0.022608158493566788,30.33478064468431,0.03768599857757037,0.0,0.0
594,0.02255163809733287,0.02255163809733287,30.2839436930726,0.03759178358112645,0.0,0.0
595,0.022495259002089537,0.022495259002089537,30.23323383383992,0.037497804122173635,0.0,0.0
596,0.022439020854584314,0.022439020854584314,30.18265074925532,0.0374040596118682,0.0,0.0
597,0.022382923302447854,0.022382923302447854,30.13219412238218,0.03731054946283853,0.0,0.0
598,0.022326965994191733,0.022326965994191733,30.081863637076225,0.037217273089181435,0.0,0.0
599,0.022271148579206253,0.022271148579206253,30.031658977983533,0.03712422990645848,0.0,0.0
600,0.02221547070775824,0.02221547070775824,29.981579830538575,0.037031419331692336,0.0,0.0
601,0.022159932030988844,0.022159932030988844,29.93162588096223,0.036938840783363104,0.0,0.0
602,0.02210453220091137,0.02210453220091137,29.881796816259826,0.0368464936814047,0.0,0.0
603,0.02204927087040909,0.02204927087040909,29.832092324219175,0.036754377447201184,0.0,0.0
604,0.02199414769323307,0.02199414769323307,29.782512093408627,0.03666249150358318,0.0,0.0
605,0.021939162323999988,0.021939162323999988,29.733055813175106,0.03657083527482422,0.0,0.0
606,0.021884314418189988,0.021884314418189988,29.683723173642168,0.03647940818663716,0.0,0.0
607,0.021829603632144513,0.021829603632144513,29.634513865708062,0.03638820966617057,0.0,0.0
608,0.021775029623064154,0.021775029623064154,29.585427581043792,0.03629723914200514,0.0,0.0
609,0.021720592049006494,0.021720592049006494,29.536464012091184,0.036206496044150126,0.0,0.0
610,0.021666290568883976,0.021666290568883976,29.487622852060955,0.03611597980403975,0.0,0.0
611,0.021612124842461767,0.021612124842461767,29.438903794930802,0.03602568985452965,0.0,0.0
612,0.021558094530355613,0.021558094530355613,29.390306535443475,0.035935625629893324,0.0,0.0
613,0.021504199294029726,0.021504199294029726,29.341830769104867,0.03584578656581859,0.0,0.0
614,0.02145043879579465,0.02145043879579465,29.293476192182105,0.03575617209940404,0.0,0.0
615,0.021396812698805164,0.021396812698805164,29.24524250170165,0.03566678166915553,0.0,0.0
616,0.02134332066705815,0.02134332066705815,29.197129395447398,0.03557761471498264,0.0,0.0
617,0.021289962365390505,0.021289962365390505,29.149136571958778,0.03548867067819519,0.0,0.0
618,0.021236737459477028,0.021236737459477028,29.10126373052888,0.035399949001499696,0.0,0.0
619,0.021183645615828334,0.021183645615828334,29.05351057120256,0.03531144912899595,0.0,0.0
620,0.021130686501788763,0.021130686501788763,29.00587679477455,0.035223170506173455,0.0,0.0
621,0.02107785978553429,0.02107785978553429,28.958362102787614,0.03513511257990802,0.0,0.0
622,0.021025165136070455,0.021025165136070455,28.910966197530644,0.03504727479845825,0.0,0.0
623,0.020972602223230278,0.020972602223230278,28.863688782036817,0.0349596566114621,0.0,0.0
624,0.0209201707176722,0.0209201707176722,28.816529560081726,0.03487225746993344,0.0,0.0
625,0.02086787029087802,0.02086787029087802,28.769488236181523,0.03478507682625861,0.0,0.0
626,0.020815700615150826,0.020815700615150826,28.72256451559107,0.034698114134192964,0.0,0.0
627,0.020763661363612948,0.020763661363612948,28.675758104302094,0.03461136884885748,0.0,0.0
628,0.020711752210203917,0.020711752210203917,28.629068709041338,0.034524840426735336,0.0,0.0
629,0.020659972829678408,0.020659972829678408,28.582496037268733,0.034438528325668495,0.0,0.0
630,0.02060832289760421,0.02060832289760421,28.53603979717556,0.03435243200485432,0.0,0.0
631,0.0205568020903602,0.0205568020903602,28.489699697682624,0.03426655092484218,0.0,0.0
632,0.0205054100851343,0.0205054100851343,28.443475448438416,0.03418088454753008,0.0,0.0
633,0.020454146559921466,0.020454146559921466,28.39736675981732,0.034095432336161254,0.0,0.0
634,0.020403011193521663,0.020403011193521663,28.35137334291778,0.03401019375532085,0.0,0.0
635,0.020352003665537858,0.020352003665537858,28.305494909560483,0.033925168270932546,0.0,0.0
636,0.020301123656374015,0.020301123656374015,28.259731172286582,0.033840355350255216,0.0,0.0
637,0.02025037084723308,0.02025037084723308,28.214081844355864,0.033755754461879575,0.0,0.0
638,0.020199744920114997,0.020199744920114997,28.168546639744974,0.03367136507572488,0.0,0.0
639,0.02014924555781471,0.02014924555781471,28.12312527314561,0.03358718666303557,0.0,0.0
640,0.020098872443920175,0.020098872443920175,28.07781745996275,0.03350321869637798,0.0,0.0
641,0.020048625262810375,0.020048625262810375,28.032622916312842,0.03341946064963703,0.0,0.0
642,0.01999850369965335,0.01999850369965335,27.98754135902206,0.03333591199801294,0.0,0.0
643,0.019948507440404217,0.019948507440404217,27.942572505624504,0.0332525722180179,0.0,0.0
644,0.019898636171803208,0.019898636171803208,27.897716074360442,0.03316944078747286,0.0,0.0
645,0.0198488895813737,0.0198488895813737,27.852971784174542,0.03308651718550418,0.0,0.0
646,0.019799267357420266,0.019799267357420266,27.808339354714107,0.033003800892540416,0.0,0.0
647,0.019749769189026715,0.019749769189026715,27.763818506327322,0.03292129139030907,0.0,0.0
648,0.019700394766054147,0.019700394766054147,27.719408960061504,0.032838988161833296,0.0,0.0
649,0.019651143779139013,0.019651143779139013,27.67511043766135,0.03275689069142871,0.0,0.0
650,0.019602015919691164,0.019602015919691164,27.630922661567194,0.032674998464700136,0.0,0.0
651,0.019553010879891936,0.019553010879891936,27.586845354913276,0.03259331096853839,0.0,0.0
652,0.019504128352692208,0.019504128352692208,27.542878241525994,0.032511827691117046,0.0,0.0
653,0.01945536803181048,0.01945536803181048,27.499021045922177,0.03243054812188925,0.0,0.0
654,0.01940672961173095,0.01940672961173095,27.45527349330737,0.03234947175158453,0.0,0.0
655,0.019358212787701626,0.019358212787701626,27.411635309574102,0.03226859807220557,0.0,0.0
656,0.019309817255732373,0.019309817255732373,27.368106221300167,0.03218792657702506,0.0,0.0
657,0.019261542712593043,0.019261542712593043,27.324685955746915,0.03210745676058249,0.0,0.0
658,0.019213388855811562,0.019213388855811562,27.28137424085755,0.032027188118681035,0.0,0.0
659,0.019165355383672034,0.019165355383672034,27.238170805255404,0.031947120148384335,0.0,0.0
660,0.019117441995212852,0.019117441995212852,27.195075378242265,0.031867252348013374,0.0,0.0
661,0.01906964839022482,0.01906964839022482,27.15208768979666,0.03178758421714334,0.0,0.0
662,0.01902197426924926,0.01902197426924926,27.109207470572166,0.03170811525660048,0.0,0.0
663,0.018974419333576135,0.018974419333576135,27.066434451895734,0.031628844968458976,0.0,0.0
664,0.018926983285242196,0.018926983285242196,27.023768365765996,0.03154977285603783,0.0,0.0
665,0.01887966582702909,0.01887966582702909,26.98120894485158,0.031470898423897734,0.0,0.0
666,0.01883246666246152,0.01883246666246152,26.938755922489452,0.03139222117783799,0.0,0.0
667,0.018785385495805364,0.018785385495805364,26.896409032683227,0.0313137406248934,0.0,0.0
668,0.01873842203206585,0.01873842203206585,26.854168010101517,0.03123545627333117,0.0,0.0
669,0.018691575976985685,0.018691575976985685,26.812032590076264,0.031157367632647842,0.0,0.0
670,0.018644847037043222,0.018644847037043222,26.770002508601074,0.031079474213566223,0.0,0.0
671,0.018598234919450615,0.018598234919450615,26.728077502329572,0.031001775528032308,0.0,0.0
672,0.018551739332151988,0.018551739332151988,26.686257308573747,0.030924271089212228,0.0,0.0
673,0.018505359983821607,0.018505359983821607,26.644541665302313,0.030846960411489197,0.0,0.0
674,0.018459096583862054,0.018459096583862054,26.60293031113906,0.030769843010460474,0.0,0.0
675,0.0184129488424024,0.0184129488424024,26.56142298536121,0.030692918402934324,0.0,0.0
676,0.018366916470296393,0.018366916470296393,26.520019427897807,0.030616186106926988,0.0,0.0
677,0.018320999179120653,0.018320999179120653,26.478719379328062,0.03053964564165967,0.0,0.0
678,0.01827519668117285,0.01827519668117285,26.43752258087974,0.03046329652755552,0.0,0.0
679,0.01822950868946992,0.01822950868946992,26.39577033349782,0.03236246107540064,0.0,0.0
680,0.018183934917746246,0.018183934917746246,26.354780907664075,0.03228155492271214,0.0,0.0
681,0.01813847508045188,0.01813847508045188,26.313893955394914,0.03220085103540536,0.0,0.0
682,0.01809312889275075,0.01809312889275075,26.273109220506427,0.03212034890781685,0.0,0.0
683,0.018047896070518873,0.018047896070518873,26.23242644745516,0.03204004803554731,0.0,0.0
684,0.018002776330342574,0.018002776330342574,26.191845381336524,0.03195994791545844,0.0,0.0
685,0.01795776938951672,0.01795776938951672,26.15136576788318,0.031880048045669795,0.0,0.0
686,0.01791287496604293,0.01791287496604293,26.11098735346347,0.03180034792555562,0.0,0.0
687,0.01786809277862782,0.01786809277862782,26.07070988507981,0.03172084705574173,0.0,0.0
688,0.01782342254668125,0.01782342254668125,26.030533110367113,0.031641544938102374,0.0,0.0
689,0.017778863990314548,0.017778863990314548,25.990456777591195,0.03156244107575712,0.0,0.0
690,0.017734416830338762,0.017734416830338762,25.950480635647217,0.031483534973067724,0.0,0.0
691,0.017690080788262917,0.017690080788262917,25.9106044340581,0.031404826135635056,0.0,0.0
692,0.01764585558629226,0.01764585558629226,25.870827922972957,0.03132631407029597,0.0,0.0
693,0.017601740947326527,0.017601740947326527,25.831150853165525,0.031247998285120232,0.0,0.0
694,0.017557736594958212,0.017557736594958212,25.79157297603261,0.03116987828940743,0.0,0.0
695,0.017513842253470815,0.017513842253470815,25.75209404359253,0.031091953593683913,0.0,0.0
696,0.01747005764783714,0.01747005764783714,25.712713808483546,0.031014223709699702,0.0,0.0
697,0.017426382503717548,0.017426382503717548,25.673432023962338,0.030936688150425454,0.0,0.0
698,0.017382816547458255,0.017382816547458255,25.634248443902433,0.03085934643004939,0.0,0.0
699,0.01733935950608961,0.01733935950608961,25.595162822792677,0.030782198063974267,0.0,0.0
700,0.017296011107324386,0.017296011107324386,25.556174915735696,0.030705242568814333,0.0,0.0
701,0.017252771079556074,0.017252771079556074,25.517284478446356,0.030628479462392298,0.0,0.0
702,0.017209639151857182,0.017209639151857182,25.47849126725024,0.030551908263736317,0.0,0.0
703,0.017166615053977537,0.017166615053977537,25.439795039082117,0.030475528493076977,0.0,0.0
704,0.017123698516342593,0.017123698516342593,25.401195551484413,0.030399339671844286,0.0,0.0
705,0.017080889270051736,0.017080889270051736,25.3626925626057,0.030323341322664676,0.0,0.0
706,0.017038187046876607,0.017038187046876607,25.324285831199187,0.030247532969358015,0.0,0.0
707,0.016995591579259416,0.016995591579259416,25.285975116621188,0.03017191413693462,0.0,0.0
708,0.016953102600311267,0.016953102600311267,25.247760178829633,0.030096484351592283,0.0,0.0
709,0.016910719843810488,0.016910719843810488,25.20964077838256,0.0300212431407133,0.0,0.0
710,0.016868443044200963,0.016868443044200963,25.171616676436603,0.02994619003286152,0.0,0.0
711,0.01682627193659046,0.01682627193659046,25.133687634745513,0.029871324557779366,0.0,0.0
712,0.016784206256748986,0.016784206256748986,25.09585341565865,0.029796646246384915,0.0,0.0
713,0.016742245741107113,0.016742245741107113,25.058113782119502,0.02972215463076895,0.0,0.0
714,0.016700390126754346,0.016700390126754346,25.020468497664204,0.029647849244192028,0.0,0.0
715,0.01665863915143746,0.01665863915143746,24.982917326420043,0.029573729621081547,0.0,0.0
716,0.016616992553558866,0.016616992553558866,24.945460033103995,0.029499795297028845,0.0,0.0
717,0.01657545007217497,0.01657545007217497,24.908096383021235,0.029426045808786272,0.0,0.0
718,0.016534011446994533,0.016534011446994533,24.87082614206368,0.029352480694264306,0.0,0.0
719,0.016492676418377046,0.016492676418377046,24.83364907670852,0.029279099492528646,0.0,0.0
720,0.016451444727331104,0.016451444727331104,24.796564954016752,0.029205901743797325,0.0,0.0
721,0.016410316115512778,0.016410316115512778,24.75957354163171,0.02913288698943783,0.0,0.0
722,0.016369290325223995,0.016369290325223995,24.72267460777763,0.029060054771964237,0.0,0.0
723,0.016328367099410934,0.016328367099410934,24.685867921258186,0.02898740463503433,0.0,0.0
724,0.016287546181662407,0.016287546181662407,24.64915325145504,0.02891493612344674,0.0,0.0
725,0.016246827316208252,0.016246827316208252,24.612530368326404,0.028842648783138126,0.0,0.0
726,0.01620621024791773,0.01620621024791773,24.575999042405588,0.02877054216118028,0.0,0.0
727,0.016165694722297935,0.016165694722297935,24.539559044799574,0.02869861580577733,0.0,0.0
728,0.01612528048549219,0.01612528048549219,24.503210147187577,0.028626869266262886,0.0,0.0
729,0.01608496728427846,0.01608496728427846,24.46695212181961,0.02855530209309723,0.0,0.0
730,0.016044754866067764,0.016044754866067764,24.430784741515062,0.028483913837864486,0.0,0.0
731,0.016004642978902594,0.016004642978902594,24.394707779661275,0.028412704053269823,0.0,0.0
732,0.01596463137145534,0.01596463137145534,24.358721010212122,0.02834167229313665,0.0,0.0
733,0.0159247197930267,0.0159247197930267,24.32282420768659,0.028270818112403808,0.0,0.0
734,0.015884907993544133,0.015884907993544133,24.287017147167372,0.0282001410671228,0.0,0.0
735,0.015845195723560274,0.015845195723560274,24.251299604299454,0.028129640714454993,0.0,0.0
736,0.015805582734251374,0.015805582734251374,24.215671355288706,0.028059316612668854,0.0,0.0
737,0.015766068777415744,0.015766068777415744,24.180132176900482,0.02798916832113718,0.0,0.0
738,0.015726653605472204,0.015726653605472204,24.14468184645823,0.02791919540033434,0.0,0.0
739,0.015687336971458524,0.015687336971458524,24.108835110667666,0.029304490935087264,0.0,0.0
740,0.01564811862902988,0.01564811862902988,24.073563022890998,0.029231229707749544,0.0,0.0
741,0.015608998332457305,0.015608998332457305,24.038379115333772,0.02915815163348017,0.0,0.0
742,0.015569975836626162,0.015569975836626162,24.003283167545437,0.02908525625439647,0.0,0.0
743,0.015531050897034597,0.015531050897034597,23.968274959626573,0.02901254311376048,0.0,0.0
744,0.015492223269792011,0.015492223269792011,23.933354272227508,0.02894001175597608,0.0,0.0
745,0.015453492711617531,0.015453492711617531,23.89852088654694,0.028867661726586138,0.0,0.0
746,0.015414858979838488,0.015414858979838488,23.863774584330574,0.02879549257226967,0.0,0.0
747,0.015376321832388892,0.015376321832388892,23.829115147869746,0.028723503840838997,0.0,0.0
748,0.01533788102780792,0.01533788102780792,23.794542360000072,0.0286516950812369,0.0,0.0
749,0.015299536325238401,0.015299536325238401,23.760056004100072,0.028580065843533807,0.0,0.0
750,0.015261287484425306,0.015261287484425306,23.725655864089823,0.028508615678924973,0.0,0.0
751,0.015223134265714242,0.015223134265714242,23.6913417244296,0.02843734413972766,0.0,0.0
752,0.015185076430049956,0.015185076430049956,23.657113370118523,0.028366250779378342,0.0,0.0
753,0.015147113738974831,0.015147113738974831,23.622970586693228,0.028295335152429896,0.0,0.0
754,0.015109245954627395,0.015109245954627395,23.588913160226493,0.028224596814548822,0.0,0.0
755,0.015071472839740826,0.015071472839740826,23.554940877325926,0.028154035322512448,0.0,0.0
756,0.015033794157641474,0.015033794157641474,23.52105352513261,0.028083650234206167,0.0,0.0
757,0.01499620967224737,0.01499620967224737,23.48725089131978,0.02801344110862065,0.0,0.0
758,0.014958719148066752,0.014958719148066752,23.453532764091477,0.0279434075058491,0.0,0.0
759,0.014921322350196586,0.014921322350196586,23.419898932181248,0.027873548987084475,0.0,0.0
760,0.014884019044321094,0.014884019044321094,23.386349184850793,0.027803865114616765,0.0,0.0
761,0.01484680899671029,0.01484680899671029,23.352883311888668,0.02773435545183022,0.0,0.0
762,0.014809691974218515,0.014809691974218515,23.319501103608946,0.027665019563200645,0.0,0.0
763,0.014772667744282968,0.014772667744282968,23.286202350849923,0.027595857014292645,0.0,0.0
764,0.01473573607492226,0.01473573607492226,23.2529868449728,0.027526867371756913,0.0,0.0
765,0.014698896734734955,0.014698896734734955,23.21921388273294,0.029379535585609733,0.0,0.0
766,0.014662149492898117,0.014662149492898117,23.186165848026107,0.02930608674664571,0.0,0.0
767,0.014625494119165873,0.014625494119165873,23.15320043340604,0.029232821529779095,0.0,0.0
768,0.014588930383867958,0.014588930383867958,23.120317432322526,0.029159739475954648,0.0,0.0
769,0.014552458057908288,0.014552458057908288,23.08751663874172,0.02908684012726476,0.0,0.0
770,0.014516076912763517,0.014516076912763517,23.05479784714487,0.029014123026946597,0.0,0.0
771,0.014479786720481608,0.014479786720481608,23.022160852527005,0.02894158771937923,0.0,0.0
772,0.014443587253680404,0.014443587253680404,22.989605450395686,0.028869233750080783,0.0,0.0
773,0.014407478285546203,0.014407478285546203,22.957131436769696,0.02879706066570558,0.0,0.0
774,0.014371459589832337,0.014371459589832337,22.924738608177773,0.028725068014041316,0.0,0.0
775,0.014335530940857755,0.014335530940857755,22.89242676165733,0.02865325534400621,0.0,0.0
776,0.01429969211350561,0.01429969211350561,22.860195694753187,0.028581622205646195,0.0,0.0
777,0.014263942883221846,0.014263942883221846,22.828045205516304,0.02851016815013208,0.0,0.0
778,0.014228283026013791,0.014228283026013791,22.795975092502513,0.02843889272975675,0.0,0.0
779,0.014192712318448757,0.014192712318448757,22.763985154771255,0.028367795497932356,0.0,0.0
780,0.014157230537652634,0.014157230537652634,22.732075191884327,0.028296876009187524,0.0,0.0
781,0.014121837461308502,0.014121837461308502,22.700245003904616,0.028226133819164556,0.0,0.0
782,0.014086532867655231,0.014086532867655231,22.668494391394855,0.028155568484616644,0.0,0.0
783,0.014051316535486092,0.014051316535486092,22.63682315541637,0.028085179563405102,0.0,0.0
784,0.014016188244147377,0.014016188244147377,22.605231097527827,0.028014966614496588,0.0,0.0
785,0.013981147773537008,0.013981147773537008,22.573718019784007,0.027944929197960346,0.0,0.0
786,0.013946194904103166,0.013946194904103166,22.542283724734546,0.027875066874965444,0.0,0.0
787,0.013911329416842907,0.013911329416842907,22.51092801542271,0.02780537920777803,0.0,0.0
788,0.0138765510933008,0.0138765510933008,22.47965069538415,0.027735865759758584,0.0,0.0
789,0.013841859715567548,0.013841859715567548,22.44845156864569,0.02766652609535919,0.0,0.0
790,0.01380725506627863,0.01380725506627863,22.417330439724076,0.027597359780120793,0.0,0.0
791,0.013772736928612932,0.013772736928612932,22.386287113624764,0.02752836638067049,0.0,0.0
792,0.0137383050862914,0.0137383050862914,22.3553213958407,0.027459545464718814,0.0,0.0
793,0.013703959323575671,0.013703959323575671,22.3244330923511,0.027390896601057018,0.0,0.0
794,0.013669699425266732,0.013669699425266732,22.293622009620222,0.027322419359554376,0.0,0.0
795,0.013635525176703566,0.013635525176703566,22.26288795459617,0.02725411331115549,0.0,0.0
796,0.013601436363761807,0.013601436363761807,22.23223073470968,0.027185978027877603,0.0,0.0
797,0.013567432772852403,0.013567432772852403,22.20165015787291,0.02711801308280791,0.0,0.0
798,0.013533514190920271,0.013533514190920271,22.171146032478227,0.02705021805010089,0.0,0.0
799,0.013499680405442971,0.013499680405442971,22.14071816739703,0.026982592504975637,0.0,0.0
800,0.013465931204429363,0.013465931204429363,22.110366371978536,0.026915136023713197,0.0,0.0
801,0.013432266376418289,0.013432266376418289,22.08009045604859,0.026847848183653916,0.0,0.0
802,0.013398685710477243,0.013398685710477243,22.04989022990847,0.02678072856319478,0.0,0.0
803,0.01336518899620105,0.01336518899620105,22.019765504333698,0.026713776741786793,0.0,0.0
804,0.013331776023710547,0.013331776023710547,21.989716090572863,0.026646992299932327,0.0,0.0
805,0.013298446583651272,0.013298446583651272,21.959741800346432,0.026580374819182497,0.0,0.0
806,0.013265200467192144,0.013265200467192144,21.929842445845566,0.02651392388213454,0.0,0.0
807,0.013232037466024164,0.013232037466024164,21.900017839730953,0.026447639072429203,0.0,0.0
808,0.013198957372359104,0.013198957372359104,21.870267795131625,0.026381519974748132,0.0,0.0
809,0.013165959978928207,0.013165959978928207,21.840592125643795,0.02631556617481126,0.0,0.0
810,0.013133045078980887,0.013133045078980887,21.810990645329685,0.026249777259374232,0.0,0.0
811,0.013100212466283435,0.013100212466283435,21.78146316871636,0.026184152816225797,0.0,0.0
812,0.013067461935117727,0.013067461935117727,21.75200951079457,0.026118692434185232,0.0,0.0
813,0.013034793280279932,0.013034793280279932,21.72262948701758,0.02605339570309977,0.0,0.0
814,0.013002206297079233,0.013002206297079233,21.693322913300037,0.02598826221384202,0.0,0.0
815,0.012969700781336534,0.012969700781336534,21.664089606016788,0.025923291558307412,0.0,0.0
816,0.012937276529383193,0.012937276529383193,21.634929382001747,0.025858483329411642,0.0,0.0
817,0.012904933338059735,0.012904933338059735,21.60584205854674,0.025793837121088112,0.0,0.0
818,0.012872671004714585,0.012872671004714585,21.576827453400377,0.02572935252828539,0.0,0.0
819,0.012840489327202798,0.012840489327202798,21.547885384766875,0.02566502914696468,0.0,0.0
820,0.01280838810388479,0.01280838810388479,21.51901567130496,0.025600866574097266,0.0,0.0
821,0.012776367133625078,0.012776367133625078,21.490218132126696,0.02553686440766202,0.0,0.0
822,0.012744426215791015,0.012744426215791015,21.46149258679638,0.025473022246642867,0.0,0.0
823,0.012712565150251537,0.012712565150251537,21.432838855329386,0.02540933969102626,0.0,0.0
824,0.012680783737375908,0.012680783737375908,21.404256758191064,0.025345816341798694,0.0,0.0
825,0.012649081778032468,0.012649081778032468,21.375746116295588,0.025282451800944197,0.0,0.0
826,0.012617459073587387,0.012617459073587387,21.347306751004847,0.025219245671441837,0.0,0.0
827,0.012585915425903418,0.012585915425903418,21.318938484127337,0.025156197557263234,0.0,0.0
828,0.01255445063733866,0.01255445063733866,21.290641137917017,0.025093307063370075,0.0,0.0
829,0.012523064510745313,0.012523064510745313,21.262414535072224,0.02503057379571165,0.0,0.0
830,0.01249175684946845,0.01249175684946845,21.234258498734544,0.02496799736122237,0.0,0.0
831,0.012460527457344779,0.012460527457344779,21.206172852487708,0.024905577367819315,0.0,0.0
832,0.012429376138701417,0.012429376138701417,21.178157420356488,0.024843313424399768,0.0,0.0
833,0.012398302698354664,0.012398302698354664,21.150212026805598,0.02478120514083877,0.0,0.0
834,0.012367306941608777,0.012367306941608777,21.122336496738583,0.02471925212798667,0.0,0.0
835,0.012336388674254755,0.012336388674254755,21.094530655496737,0.024657453997666702,0.0,0.0
836,0.012305547702569117,0.012305547702569117,21.066794328857995,0.024595810362672534,0.0,0.0
837,0.012274783833312694,0.012274783833312694,21.03912734303585,0.024534320836765853,0.0,0.0
838,0.012244096873729413,0.012244096873729413,21.011529524678263,0.024472985034673937,0.0,0.0
839,0.01221348663154509,0.01221348663154509,20.984000700866567,0.024411802572087252,0.0,0.0
840,0.012182952914966226,0.012182952914966226,20.9565406991144,0.024350773065657035,0.0,0.0
841,0.01215249553267881,0.01215249553267881,20.929149347366614,0.024289896132992893,0.0,0.0
842,0.012122114293847113,0.012122114293847113,20.9018264739982,0.024229171392660412,0.0,0.0
843,0.012091809008112495,0.012091809008112495,20.874571907813202,0.02416859846417876,0.0,0.0
844,0.012061579485592213,0.012061579485592213,20.84738547804367,0.024108176968018313,0.0,0.0
845,0.012031425536878233,0.012031425536878233,20.82026701434856,0.024047906525598267,0.0,0.0
846,0.012001346973036037,0.012001346973036037,20.793216346812688,0.02398778675928427,0.0,0.0
847,0.011971343605603446,0.011971343605603446,20.766233305945658,0.02392781729238606,0.0,0.0
848,0.011941415246589438,0.011941415246589438,20.739317722680795,0.023867997749155094,0.0,0.0
849,0.011911561708472965,0.011911561708472965,20.712469428374092,0.023808327754782206,0.0,0.0
850,0.011881782804201784,0.011881782804201784,20.685335812415303,0.024806134098954817,0.0,0.0
851,0.01185207834719128,0.01185207834719128,20.658622472884264,0.02474411876370743,0.0,0.0
852,0.0118224481513233,0.0118224481513233,20.631975916702054,0.02468225846679816,0.0,0.0
853,0.011792892030944992,0.011792892030944992,20.605395976910298,0.024620552820631164,0.0,0.0
854,0.01176340980086763,0.01176340980086763,20.578882486968023,0.024559001438579586,0.0,0.0
855,0.011734001276365461,0.011734001276365461,20.552435280750604,0.024497603934983136,0.0,0.0
856,0.011704666273174548,0.011704666273174548,20.526054192548727,0.024436359925145677,0.0,0.0
857,0.011675404607491611,0.011675404607491611,20.499739057067355,0.024375269025332814,0.0,0.0
858,0.011646216095972882,0.011646216095972882,20.473489709424687,0.024314330852769482,0.0,0.0
859,0.01161710055573295,0.01161710055573295,20.447305985151125,0.02425354502563756,0.0,0.0
860,0.011588057804343617,0.011588057804343617,20.421187720188247,0.024192911163073465,0.0,0.0
861,0.011559087659832757,0.011559087659832757,20.395134750887777,0.024132428885165782,0.0,0.0
862,0.011530189940683175,0.011530189940683175,20.369146914010557,0.02407209781295287,0.0,0.0
863,0.011501364465831467,0.011501364465831467,20.34322404672553,0.024011917568420485,0.0,0.0
864,0.011472611054666888,0.011472611054666888,20.317365986608717,0.023951887774499435,0.0,0.0
865,0.01144392952703022,0.01144392952703022,20.291572571642195,0.023892008055063186,0.0,0.0
866,0.011415319703212645,0.011415319703212645,20.265843640213088,0.02383227803492553,0.0,0.0
867,0.011386781403954613,0.011386781403954613,20.240179031112554,0.023772697339838215,0.0,0.0
868,0.011358314450444726,0.011358314450444726,20.214578583534774,0.02371326559648862,0.0,0.0
869,0.011329918664318614,0.011329918664318614,20.189042137075937,0.0236539824324974,0.0,0.0
870,0.011301593867657818,0.011301593867657818,20.16356953173325,0.023594847476416155,0.0,0.0
871,0.011273339882988674,0.011273339882988674,20.138160607903917,0.023535860357725116,0.0,0.0
872,0.011245156533281201,0.011245156533281201,20.112815206384155,0.023477020706830803,0.0,0.0
873,0.011217043641947998,0.011217043641947998,20.087533168368196,0.023418328155063728,0.0,0.0
874,0.011189001032843128,0.011189001032843128,20.062314335447276,0.023359782334676067,0.0,0.0
875,0.01116102853026102,0.01116102853026102,20.03715854960866,0.02330138287883938,0.0,0.0
876,0.011133125958935368,0.011133125958935368,20.012065653234636,0.02324312942164228,0.0,0.0
877,0.011105293144038028,0.011105293144038028,19.98703548910155,0.023185021598088176,0.0,0.0
878,0.011077529911177933,0.011077529911177933,19.96160274605774,0.024522522007262865,0.0,0.0
879,0.011049836086399988,0.011049836086399988,19.936698739192593,0.024461215702244708,0.0,0.0
880,0.011022211496183989,0.011022211496183989,19.91185699234461,0.024400062662989098,0.0,0.0
881,0.010994655967443529,0.010994655967443529,19.88707734986375,0.024339062506331624,0.0,0.0
882,0.01096716932752492,0.01096716932752492,19.86235965648909,0.024278214850065795,0.0,0.0
883,0.010939751404206107,0.010939751404206107,19.837703757347867,0.02421751931294063,0.0,0.0
884,0.010912402025695591,0.010912402025695591,19.813109497954496,0.02415697551465828,0.0,0.0
885,0.010885121020631352,0.010885121020631352,19.78857672420961,0.024096583075871633,0.0,0.0
886,0.010857908218079774,0.010857908218079774,19.764105282399086,0.024036341618181953,0.0,0.0
887,0.010830763447534576,0.010830763447534576,19.73969501919309,0.023976250764136498,0.0,0.0
888,0.010803686538915738,0.010803686538915738,19.715345781645105,0.023916310137226157,0.0,0.0
889,0.01077667732256845,0.01077667732256845,19.691057417190994,0.023856519361883093,0.0,0.0
890,0.010749735629262028,0.010749735629262028,19.666829773648015,0.023796878063478386,0.0,0.0
891,0.010722861290188873,0.010722861290188873,19.642662699213894,0.02373738586831969,0.0,0.0
892,0.0106960541369634,0.0106960541369634,19.61855604246586,0.023678042403648892,0.0,0.0
893,0.010669314001620992,0.010669314001620992,19.594509652359694,0.02361884729763977,0.0,0.0
894,0.01064264071661694,0.01064264071661694,19.570451867209087,0.023774333238521406,0.0,0.0
895,0.010616034114825397,0.010616034114825397,19.546525737541064,0.023714897405425102,0.0,0.0
896,0.010589494029538333,0.010589494029538333,19.52265942319721,0.02365561016191154,0.0,0.0
897,0.010563020294464487,0.010563020294464487,19.498852774639218,0.02359647113650676,0.0,0.0
898,0.010536612743728326,0.010536612743728326,19.47510564270262,0.023537479958665494,0.0,0.0
899,0.010510271211869005,0.010510271211869005,19.451417878595862,0.02347863625876883,0.0,0.0
900,0.010483995533839332,0.010483995533839332,19.427789333899373,0.02341993966812191,0.0,0.0
901,0.010457785545004733,0.010457785545004733,19.404219860564623,0.023361389818951604,0.0,0.0
902,0.010431641081142222,0.010431641081142222,19.38070931091321,0.023302986344404225,0.0,0.0
903,0.010405561978439367,0.010405561978439367,19.357257537635927,0.023244728878543213,0.0,0.0
904,0.010379548073493268,0.010379548073493268,19.33386439379184,0.023186617056346854,0.0,0.0
905,0.010353599203309534,0.010353599203309534,19.31052973280736,0.023128650513705988,0.0,0.0
906,0.01032771520530126,0.01032771520530126,19.28725340847534,0.023070828887421724,0.0,0.0
907,0.010301895917288006,0.010301895917288006,19.264035274954153,0.02301315181520317,0.0,0.0
908,0.010276141177494785,0.010276141177494785,19.240530473978232,0.023989757301270686,0.0,0.0
909,0.010250450824551048,0.010250450824551048,19.217429147793286,0.02392978290801751,0.0,0.0
910,0.01022482469748967,0.01022482469748967,19.194385574923803,0.023869958450747464,0.0,0.0
911,0.010199262635745946,0.010199262635745946,19.171399610986494,0.023810283554620594,0.0,0.0
912,0.01017376447915658,0.01017376447915658,19.14847111195903,0.023750757845734043,0.0,0.0
913,0.01014833006795869,0.01014833006795869,19.12559993417913,0.02369138095111971,0.0,0.0
914,0.010122959242788793,0.010122959242788793,19.102785934343682,0.02363215249874191,0.0,0.0
915,0.010097651844681822,0.010097651844681822,19.080028969507822,0.023573072117495056,0.0,0.0
916,0.010072407715070118,0.010072407715070118,19.05732889708405,0.023514139437201317,0.0,0.0
917,0.010047226695782443,0.010047226695782443,19.03468557484134,0.023455354088608313,0.0,0.0
918,0.010022108629042988,0.010022108629042988,19.01209886090424,0.023396715703386792,0.0,0.0
919,0.00999705335747038,0.00999705335747038,18.989568613751977,0.023338223914128323,0.0,0.0
920,0.009972060724076704,0.009972060724076704,18.967094692217596,0.023279878354343003,0.0,0.0
921,0.009947130572266512,0.009947130572266512,18.944676955487054,0.023221678658457146,0.0,0.0
922,0.009922262745835846,0.009922262745835846,18.922315263098337,0.023163624461811003,0.0,0.0
923,0.009897457088971256,0.009897457088971256,18.900009474940592,0.023105715400656476,0.0,0.0
924,0.009872713446248828,0.009872713446248828,18.87775945125324,0.023047951112154835,0.0,0.0
925,0.009848031662633205,0.009848031662633205,18.855565052625106,0.022990331234374446,0.0,0.0
926,0.009823411583476622,0.009823411583476622,18.833426139993545,0.022932855406288512,0.0,0.0
927,0.00979885305451793,0.00979885305451793,18.81134257464356,0.022875523267772792,0.0,0.0
928,0.009774355921881635,0.009774355921881635,18.78931421820695,0.02281833445960336,0.0,0.0
929,0.009749920032076932,0.009749920032076932,18.767340932661433,0.02276128862345435,0.0,0.0
930,0.00972554523199674,0.00972554523199674,18.74542258032978,0.022704385401895715,0.0,0.0
931,0.009701231368916747,0.009701231368916747,18.723559023878956,0.022647624438390974,0.0,0.0
932,0.009676978290494456,0.009676978290494456,18.701750126319258,0.022591005377294998,0.0,0.0
933,0.00965278584476822,0.00965278584476822,18.67999575100346,0.02253452786385176,0.0,0.0
934,0.0096286538801563,0.0096286538801563,18.65829576162595,0.02247819154419213,0.0,0.0
935,0.00960458224545591,0.00960458224545591,18.636650022221886,0.02242199606533165,0.0,0.0
936,0.00958057078984227,0.00958057078984227,18.615058397166333,0.02236594107516832,0.0,0.0
937,0.009556619362867664,0.009556619362867664,18.59352075117342,0.0223100262224804,0.0,0.0
938,0.009532727814460495,0.009532727814460495,18.572036949295484,0.0222542511569242,0.0,0.0
939,0.009508895994924344,0.009508895994924344,18.550606856922244,0.02219861552903189,0.0,0.0
940,0.009485123754937033,0.009485123754937033,18.52923033977994,0.02214311899020931,0.0,0.0
941,0.00946141094554969,0.00946141094554969,18.50790726393049,0.022087761192733788,0.0,0.0
942,0.009437757418185816,0.009437757418185816,18.486637495770665,0.022032541789751954,0.0,0.0
943,0.00941416302464035,0.00941416302464035,18.465420902031237,0.021977460435277575,0.0,0.0
944,0.00939062761707875,0.00939062761707875,18.44425734977616,0.02192251678418938,0.0,0.0
945,0.009367151048036053,0.009367151048036053,18.423146706401717,0.021867710492228905,0.0,0.0
946,0.009343733170415962,0.009343733170415962,18.402088839635713,0.021813041215998332,0.0,0.0
947,0.009320373837489923,0.009320373837489923,18.381083617536625,0.021758508612958336,0.0,0.0
948,0.009297072902896199,0.009297072902896199,18.360130908492785,0.02170411234142594,0.0,0.0
949,0.009273830220638959,0.009273830220638959,18.339230581221553,0.021649852060572374,0.0,0.0
950,0.009250645645087362,0.009250645645087362,18.3183825047685,0.021595727430420944,0.0,0.0
951,0.009227519030974643,0.009227519030974643,18.29758654850658,0.021541738111844892,0.0,0.0
952,0.009204450233397207,0.009204450233397207,18.276842582135313,0.02148788376656528,0.0,0.0
953,0.009181439107813714,0.009181439107813714,18.256150475679974,0.021434164057148868,0.0,0.0
954,0.00915848551004418,0.00915848551004418,18.235510099490774,0.021380578647005995,0.0,0.0
955,0.00913558929626907,0.00913558929626907,18.21492132424205,0.02132712720038848,0.0,0.0
956,0.009112750323028397,0.009112750323028397,18.194384020931444,0.02127380938238751,0.0,0.0
957,0.009089968447220825,0.009089968447220825,18.173898060879115,0.021220624858931544,0.0,0.0
958,0.009067243526102773,0.009067243526102773,18.153463315726917,0.021167573296784214,0.0,0.0
959,0.009044575417287516,0.009044575417287516,18.133079657437598,0.021114654363542252,0.0,0.0
960,0.009021963978744297,0.009021963978744297,18.112746958294004,0.021061867727633396,0.0,0.0
961,0.008999409068797436,0.008999409068797436,18.09246509089827,0.021009213058314314,0.0,0.0
962,0.008976910546125443,0.008976910546125443,18.072233928171023,0.02095669002566853,0.0,0.0
963,0.00895446826976013,0.00895446826976013,18.052053343350597,0.02090429830060436,0.0,0.0
964,0.008932082099085728,0.008932082099085728,18.03192320999222,0.020852037554852848,0.0,0.0
965,0.008909751893838014,0.008909751893838014,18.01184340196724,0.020799907460965716,0.0,0.0
966,0.008887477514103419,0.008887477514103419,17.991813793462324,0.020747907692313303,0.0,0.0
967,0.00886525882031816,0.00886525882031816,17.971834258978667,0.02069603792308252,0.0,0.0
968,0.008843095673267364,0.008843095673267364,17.95190467333122,0.020644297828274816,0.0,0.0
969,0.008820987934084196,0.008820987934084196,17.932024911647893,0.02059268708370413,0.0,0.0
970,0.008798935464248986,0.008798935464248986,17.912194849368774,0.02054120536599487,0.0,0.0
971,0.008776938125588362,0.008776938125588362,17.89241436224535,0.02048985235257988,0.0,0.0
972,0.008754995780274392,0.008754995780274392,17.872683326339736,0.02043862772169843,0.0,0.0
973,0.008733108290823705,0.008733108290823705,17.853001618023885,0.020387531152394184,0.0,0.0
974,0.008711275520096646,0.008711275520096646,17.833369113978826,0.0203365623245132,0.0,0.0
975,0.008689497331296404,0.008689497331296404,17.81378569119388,0.020285720918701917,0.0,0.0
976,0.008667773587968164,0.008667773587968164,17.794251226965894,0.020235006616405163,0.0,0.0
977,0.008646104153998243,0.008646104153998243,17.77476559889848,0.02018441909986415,0.0,0.0
978,0.008624488893613247,0.008624488893613247,17.755328684901233,0.02013395805211449,0.0,0.0
979,0.008602927671379214,0.008602927671379214,17.73594036318898,0.020083623156984205,0.0,0.0
980,0.008581420352200766,0.008581420352200766,17.71660051228101,0.020033414099091745,0.0,0.0
981,0.008559966801320264,0.008559966801320264,17.697309011000307,0.019983330563844014,0.0,0.0
982,0.008538566884316963,0.008538566884316963,17.678065738472807,0.019933372237434403,0.0,0.0
983,0.00851722046710617,0.00851722046710617,17.658593337430634,0.020715248894815016,0.0,0.0
984,0.008495927415938406,0.008495927415938406,17.63944685408706,0.02066346077257798,0.0,0.0
985,0.00847468759739856,0.00847468759739856,17.62034823695184,0.020611802120646533,0.0,0.0
986,0.008453500878405063,0.008453500878405063,17.60129736635946,0.02056027261534492,0.0,0.0
987,0.00843236712620905,0.00843236712620905,17.582294122943562,0.020508871933806554,0.0,0.0
988,0.008411286208393527,0.008411286208393527,17.563338387636204,0.020457599753972038,0.0,0.0
989,0.008390257992872543,0.008390257992872543,17.544430041667113,0.02040645575458711,0.0,0.0
990,0.008369282347890361,0.008369282347890361,17.525568966562943,0.02035543961520064,0.0,0.0
991,0.008348359142020634,0.008348359142020634,17.506755044146537,0.020304551016162638,0.0,0.0
992,0.008327488244165583,0.008327488244165583,17.487988156536172,0.020253789638622233,0.0,0.0
993,0.008306669523555169,0.008306669523555169,17.46926818614483,0.020203155164525678,0.0,0.0
994,0.008285902849746282,0.008285902849746282,17.45059501567947,0.020152647276614363,0.0,0.0
995,0.008265188092621915,0.008265188092621915,17.43196852814027,0.020102265658422828,0.0,0.0
996,0.00824452512239036,0.00824452512239036,17.413388606819918,0.02005200999427677,0.0,0.0
997,0.008223913809584385,0.008223913809584385,17.39485513530287,0.020001879969291078,0.0,0.0
998,0.008203354025060424,0.008203354025060424,17.376367997464612,0.019951875269367852,0.0,0.0
999,0.008182845639997773,0.008182845639997773,17.35792707747095,0.01990199558119443,0.0,0.0
